CodigoEstacion,NombreEstacion,Latitud,Longitud,Altitud,Categoria,Entidad,AreaOperativa,Departamento,Municipio,FechaInstalacion,FechaSuspension,IdParametro,Etiqueta,DescripcionSerie,Frecuencia,Fecha,Valor,Grado,Calificador,NivelAprobacion
21206260,C.UNIV.AGROP-UDCA [21206260],4.7986388890,-74.04972222,2570,Climática Ordinaria,INSTITUTO DE HIDROLOGIA METEOROLOGIA Y ESTUDIOS AMBIENTALES,Area Operativa 11 - Cundinamarca-Amazonas,Bogota,"Bogota, D.C",15/12/1988 00:00,,TEMPERATURA,TMX_CON,Temperatura máxima diaria,Diaria,2023-01-07 00:00,20.4,50,,900
21206260,C.UNIV.AGROP-UDCA [21206260],4.7986388890,-74.04972222,2570,Climática Ordinaria,INSTITUTO DE HIDROLOGIA METEOROLOGIA Y ESTUDIOS AMBIENTALES,Area Operativa 11 - Cundinamarca-Amazonas,Bogota,"Bogota, D.C",15/12/1988 00:00,,TEMPERATURA,TMX_CON,Temperatura máxima diaria,Diaria,2023-01-10 00:00,18.4,50,,900
21206260,C.UNIV.AGROP-UDCA [21206260],4.7986388890,-74.04972222,2570,Climática Ordinaria,INSTITUTO DE HIDROLOGIA METEOROLOGIA Y ESTUDIOS AMBIENTALES,Area Operativa 11 - Cundinamarca-Amazonas,Bogota,"Bogota, D.C",15/12/1988 00:00,,TEMPERATURA,TMX_CON,Temperatura máxima diaria,Diaria,2023-01-11 00:00,20.2,50,,900
21206260,C.UNIV.AGROP-UDCA [21206260],4.7986388890,-74.04972222,2570,Climática Ordinaria,INSTITUTO DE HIDROLOGIA METEOROLOGIA Y ESTUDIOS AMBIENTALES,Area Operativa 11 - Cundinamarca-Amazonas,Bogota,"Bogota, D.C",15/12/1988 00:00,,TEMPERATURA,TMX_CON,Temperatura máxima diaria,Diaria,2023-01-12 00:00,18.8,50,,900
21206260,C.UNIV.AGROP-UDCA [21206260],4.7986388890,-74.04972222,2570,Climática Ordinaria,INSTITUTO DE HIDROLOGIA METEOROLOGIA Y ESTUDIOS AMBIENTALES,Area Operativa 11 - Cundinamarca-Amazonas,Bogota,"Bogota, D.C",15/12/1988 00:00,,TEMPERATURA,TMX_CON,Temperatura máxima diaria,Diaria,2023-01-13 00:00,20.4,50,,900
21206260,C.UNIV.AGROP-UDCA [21206260],4.7986388890,-74.04972222,2570,Climática Ordinaria,INSTITUTO DE HIDROLOGIA METEOROLOGIA Y ESTUDIOS AMBIENTALES,Area Operativa 11 - Cundinamarca-Amazonas,Bogota,"Bogota, D.C",15/12/1988 00:00,,TEMPERATURA,TMX_CON,Temperatura máxima diaria,Diaria,2023-01-14 00:00,22,50,,900
21206260,C.UNIV.AGROP-UDCA [21206260],4.7986388890,-74.04972222,2570,Climática Ordinaria,INSTITUTO DE HIDROLOGIA METEOROLOGIA Y ESTUDIOS AMBIENTALES,Area Operativa 11 - Cundinamarca-Amazonas,Bogota,"Bogota, D.C",15/12/1988 00:00,,TEMPERATURA,TMX_CON,Temperatura máxima diaria,Diaria,2023-01-16 00:00,20.2,50,,900
21206260,C.UNIV.AGROP-UDCA [21206260],4.7986388890,-74.04972222,2570,Climática Ordinaria,INSTITUTO DE HIDROLOGIA METEOROLOGIA Y ESTUDIOS AMBIENTALES,Area Operativa 11 - Cundinamarca-Amazonas,Bogota,"Bogota, D.C",15/12/1988 00:00,,TEMPERATURA,TMX_CON,Temperatura máxima diaria,Diaria,2023-01-17 00:00,20,50,,900
21206260,C.UNIV.AGROP-UDCA [21206260],4.7986388890,-74.04972222,2570,Climática Ordinaria,INSTITUTO DE HIDROLOGIA METEOROLOGIA Y ESTUDIOS AMBIENTALES,Area Operativa 11 - Cundinamarca-Amazonas,Bogota,"Bogota, D.C",15/12/1988 00:00,,TEMPERATURA,TMX_CON,Temperatura máxima diaria,Diaria,2023-01-18 00:00,21.6,50,,900
21206260,C.UNIV.AGROP-UDCA [21206260],4.7986388890,-74.04972222,2570,Climática Ordinaria,INSTITUTO DE HIDROLOGIA METEOROLOGIA Y ESTUDIOS AMBIENTALES,Area Operativa 11 - Cundinamarca-Amazonas,Bogota,"Bogota, D.C",15/12/1988 00:00,,TEMPERATURA,TMX_CON,Temperatura máxima diaria,Diaria,2023-01-19 00:00,21.2,50,,900
21206260,C.UNIV.AGROP-UDCA [21206260],4.7986388890,-74.04972222,2570,Climática Ordinaria,INSTITUTO DE HIDROLOGIA METEOROLOGIA Y ESTUDIOS AMBIENTALES,Area Operativa 11 - Cundinamarca-Amazonas,Bogota,"Bogota, D.C",15/12/1988 00:00,,TEMPERATURA,TMX_CON,Temperatura máxima diaria,Diaria,2023-01-20 00:00,19.2,50,,900
21206260,C.UNIV.AGROP-UDCA [21206260],4.7986388890,-74.04972222,2570,Climática Ordinaria,INSTITUTO DE HIDROLOGIA METEOROLOGIA Y ESTUDIOS AMBIENTALES,Area Operativa 11 - Cundinamarca-Amazonas,Bogota,"Bogota, D.C",15/12/1988 00:00,,TEMPERATURA,TMX_CON,Temperatura máxima diaria,Diaria,2023-01-21 00:00,20.6,50,,900
21206260,C.UNIV.AGROP-UDCA [21206260],4.7986388890,-74.04972222,2570,Climática Ordinaria,INSTITUTO DE HIDROLOGIA METEOROLOGIA Y ESTUDIOS AMBIENTALES,Area Operativa 11 - Cundinamarca-Amazonas,Bogota,"Bogota, D.C",15/12/1988 00:00,,TEMPERATURA,TMX_CON,Temperatura máxima diaria,Diaria,2023-01-23 00:00,17,50,,900
21206260,C.UNIV.AGROP-UDCA [21206260],4.7986388890,-74.04972222,2570,Climática Ordinaria,INSTITUTO DE HIDROLOGIA METEOROLOGIA Y ESTUDIOS AMBIENTALES,Area Operativa 11 - Cundinamarca-Amazonas,Bogota,"Bogota, D.C",15/12/1988 00:00,,TEMPERATURA,TMX_CON,Temperatura máxima diaria,Diaria,2023-01-24 00:00,18.4,50,,900
21206260,C.UNIV.AGROP-UDCA [21206260],4.7986388890,-74.04972222,2570,Climática Ordinaria,INSTITUTO DE HIDROLOGIA METEOROLOGIA Y ESTUDIOS AMBIENTALES,Area Operativa 11 - Cundinamarca-Amazonas,Bogota,"Bogota, D.C",15/12/1988 00:00,,TEMPERATURA,TMX_CON,Temperatura máxima diaria,Diaria,2023-01-25 00:00,21.8,50,,900
21206260,C.UNIV.AGROP-UDCA [21206260],4.7986388890,-74.04972222,2570,Climática Ordinaria,INSTITUTO DE HIDROLOGIA METEOROLOGIA Y ESTUDIOS AMBIENTALES,Area Operativa 11 - Cundinamarca-Amazonas,Bogota,"Bogota, D.C",15/12/1988 00:00,,TEMPERATURA,TMX_CON,Temperatura máxima diaria,Diaria,2023-01-26 00:00,22.2,50,,900
21206260,C.UNIV.AGROP-UDCA [21206260],4.7986388890,-74.04972222,2570,Climática Ordinaria,INSTITUTO DE HIDROLOGIA METEOROLOGIA Y ESTUDIOS AMBIENTALES,Area Operativa 11 - Cundinamarca-Amazonas,Bogota,"Bogota, D.C",15/12/1988 00:00,,TEMPERATURA,TMX_CON,Temperatura máxima diaria,Diaria,2023-01-27 00:00,24,50,,900
21206260,C.UNIV.AGROP-UDCA [21206260],4.7986388890,-74.04972222,2570,Climática Ordinaria,INSTITUTO DE HIDROLOGIA METEOROLOGIA Y ESTUDIOS AMBIENTALES,Area Operativa 11 - Cundinamarca-Amazonas,Bogota,"Bogota, D.C",15/12/1988 00:00,,TEMPERATURA,TMX_CON,Temperatura máxima diaria,Diaria,2023-01-28 00:00,22.6,50,,900
21206260,C.UNIV.AGROP-UDCA [21206260],4.7986388890,-74.04972222,2570,Climática Ordinaria,INSTITUTO DE HIDROLOGIA METEOROLOGIA Y ESTUDIOS AMBIENTALES,Area Operativa 11 - Cundinamarca-Amazonas,Bogota,"Bogota, D.C",15/12/1988 00:00,,TEMPERATURA,TMX_CON,Temperatura máxima diaria,Diaria,2023-01-30 00:00,22.8,50,,900
21206260,C.UNIV.AGROP-UDCA [21206260],4.7986388890,-74.04972222,2570,Climática Ordinaria,INSTITUTO DE HIDROLOGIA METEOROLOGIA Y ESTUDIOS AMBIENTALES,Area Operativa 11 - Cundinamarca-Amazonas,Bogota,"Bogota, D.C",15/12/1988 00:00,,TEMPERATURA,TMX_CON,Temperatura máxima diaria,Diaria,2023-01-31 00:00,22.2,50,,900
21206260,C.UNIV.AGROP-UDCA [21206260],4.7986388890,-74.04972222,2570,Climática Ordinaria,INSTITUTO DE HIDROLOGIA METEOROLOGIA Y ESTUDIOS AMBIENTALES,Area Operativa 11 - Cundinamarca-Amazonas,Bogota,"Bogota, D.C",15/12/1988 00:00,,TEMPERATURA,TMX_CON,Temperatura máxima diaria,Diaria,2023-02-01 00:00,22.4,50,,900
21206260,C.UNIV.AGROP-UDCA [21206260],4.7986388890,-74.04972222,2570,Climática Ordinaria,INSTITUTO DE HIDROLOGIA METEOROLOGIA Y ESTUDIOS AMBIENTALES,Area Operativa 11 - Cundinamarca-Amazonas,Bogota,"Bogota, D.C",15/12/1988 00:00,,TEMPERATURA,TMX_CON,Temperatura máxima diaria,Diaria,2023-02-02 00:00,22,50,,900
21206260,C.UNIV.AGROP-UDCA [21206260],4.7986388890,-74.04972222,2570,Climática Ordinaria,INSTITUTO DE HIDROLOGIA METEOROLOGIA Y ESTUDIOS AMBIENTALES,Area Operativa 11 - Cundinamarca-Amazonas,Bogota,"Bogota, D.C",15/12/1988 00:00,,TEMPERATURA,TMX_CON,Temperatura máxima diaria,Diaria,2023-02-03 00:00,22.4,50,,900
21206260,C.UNIV.AGROP-UDCA [21206260],4.7986388890,-74.04972222,2570,Climática Ordinaria,INSTITUTO DE HIDROLOGIA METEOROLOGIA Y ESTUDIOS AMBIENTALES,Area Operativa 11 - Cundinamarca-Amazonas,Bogota,"Bogota, D.C",15/12/1988 00:00,,TEMPERATURA,TMX_CON,Temperatura máxima diaria,Diaria,2023-02-04 00:00,22,50,,900
21206260,C.UNIV.AGROP-UDCA [21206260],4.7986388890,-74.04972222,2570,Climática Ordinaria,INSTITUTO DE HIDROLOGIA METEOROLOGIA Y ESTUDIOS AMBIENTALES,Area Operativa 11 - Cundinamarca-Amazonas,Bogota,"Bogota, D.C",15/12/1988 00:00,,TEMPERATURA,TMX_CON,Temperatura máxima diaria,Diaria,2023-02-06 00:00,19,50,,900
21206260,C.UNIV.AGROP-UDCA [21206260],4.7986388890,-74.04972222,2570,Climática Ordinaria,INSTITUTO DE HIDROLOGIA METEOROLOGIA Y ESTUDIOS AMBIENTALES,Area Operativa 11 - Cundinamarca-Amazonas,Bogota,"Bogota, D.C",15/12/1988 00:00,,TEMPERATURA,TMX_CON,Temperatura máxima diaria,Diaria,2023-02-07 00:00,21.6,50,,900
21206260,C.UNIV.AGROP-UDCA [21206260],4.7986388890,-74.04972222,2570,Climática Ordinaria,INSTITUTO DE HIDROLOGIA METEOROLOGIA Y ESTUDIOS AMBIENTALES,Area Operativa 11 - Cundinamarca-Amazonas,Bogota,"Bogota, D.C",15/12/1988 00:00,,TEMPERATURA,TMX_CON,Temperatura máxima diaria,Diaria,2023-02-08 00:00,23.2,50,,900
21206260,C.UNIV.AGROP-UDCA [21206260],4.7986388890,-74.04972222,2570,Climática Ordinaria,INSTITUTO DE HIDROLOGIA METEOROLOGIA Y ESTUDIOS AMBIENTALES,Area Operativa 11 - Cundinamarca-Amazonas,Bogota,"Bogota, D.C",15/12/1988 00:00,,TEMPERATURA,TMX_CON,Temperatura máxima diaria,Diaria,2023-02-09 00:00,20.8,50,,900
21206260,C.UNIV.AGROP-UDCA [21206260],4.7986388890,-74.04972222,2570,Climática Ordinaria,INSTITUTO DE HIDROLOGIA METEOROLOGIA Y ESTUDIOS AMBIENTALES,Area Operativa 11 - Cundinamarca-Amazonas,Bogota,"Bogota, D.C",15/12/1988 00:00,,TEMPERATURA,TMX_CON,Temperatura máxima diaria,Diaria,2023-02-10 00:00,21,50,,900
21206260,C.UNIV.AGROP-UDCA [21206260],4.7986388890,-74.04972222,2570,Climática Ordinaria,INSTITUTO DE HIDROLOGIA METEOROLOGIA Y ESTUDIOS AMBIENTALES,Area Operativa 11 - Cundinamarca-Amazonas,Bogota,"Bogota, D.C",15/12/1988 00:00,,TEMPERATURA,TMX_CON,Temperatura máxima diaria,Diaria,2023-02-11 00:00,21.2,50,,900
21206260,C.UNIV.AGROP-UDCA [21206260],4.7986388890,-74.04972222,2570,Climática Ordinaria,INSTITUTO DE HIDROLOGIA METEOROLOGIA Y ESTUDIOS AMBIENTALES,Area Operativa 11 - Cundinamarca-Amazonas,Bogota,"Bogota, D.C",15/12/1988 00:00,,TEMPERATURA,TMX_CON,Temperatura máxima diaria,Diaria,2023-02-13 00:00,20,50,,900
21206260,C.UNIV.AGROP-UDCA [21206260],4.7986388890,-74.04972222,2570,Climática Ordinaria,INSTITUTO DE HIDROLOGIA METEOROLOGIA Y ESTUDIOS AMBIENTALES,Area Operativa 11 - Cundinamarca-Amazonas,Bogota,"Bogota, D.C",15/12/1988 00:00,,TEMPERATURA,TMX_CON,Temperatura máxima diaria,Diaria,2023-02-14 00:00,20.6,50,,900
21206260,C.UNIV.AGROP-UDCA [21206260],4.7986388890,-74.04972222,2570,Climática Ordinaria,INSTITUTO DE HIDROLOGIA METEOROLOGIA Y ESTUDIOS AMBIENTALES,Area Operativa 11 - Cundinamarca-Amazonas,Bogota,"Bogota, D.C",15/12/1988 00:00,,TEMPERATURA,TMX_CON,Temperatura máxima diaria,Diaria,2023-02-15 00:00,20,50,,900
21206260,C.UNIV.AGROP-UDCA [21206260],4.7986388890,-74.04972222,2570,Climática Ordinaria,INSTITUTO DE HIDROLOGIA METEOROLOGIA Y ESTUDIOS AMBIENTALES,Area Operativa 11 - Cundinamarca-Amazonas,Bogota,"Bogota, D.C",15/12/1988 00:00,,TEMPERATURA,TMX_CON,Temperatura máxima diaria,Diaria,2023-02-16 00:00,21.8,50,,900
21206260,C.UNIV.AGROP-UDCA [21206260],4.7986388890,-74.04972222,2570,Climática Ordinaria,INSTITUTO DE HIDROLOGIA METEOROLOGIA Y ESTUDIOS AMBIENTALES,Area Operativa 11 - Cundinamarca-Amazonas,Bogota,"Bogota, D.C",15/12/1988 00:00,,TEMPERATURA,TMX_CON,Temperatura máxima diaria,Diaria,2023-02-17 00:00,23,50,,900
21206260,C.UNIV.AGROP-UDCA [21206260],4.7986388890,-74.04972222,2570,Climática Ordinaria,INSTITUTO DE HIDROLOGIA METEOROLOGIA Y ESTUDIOS AMBIENTALES,Area Operativa 11 - Cundinamarca-Amazonas,Bogota,"Bogota, D.C",15/12/1988 00:00,,TEMPERATURA,TMX_CON,Temperatura máxima diaria,Diaria,2023-02-18 00:00,22,50,,900
21206260,C.UNIV.AGROP-UDCA [21206260],4.7986388890,-74.04972222,2570,Climática Ordinaria,INSTITUTO DE HIDROLOGIA METEOROLOGIA Y ESTUDIOS AMBIENTALES,Area Operativa 11 - Cundinamarca-Amazonas,Bogota,"Bogota, D.C",15/12/1988 00:00,,TEMPERATURA,TMX_CON,Temperatura máxima diaria,Diaria,2023-02-20 00:00,21.2,50,,900
21206260,C.UNIV.AGROP-UDCA [21206260],4.7986388890,-74.04972222,2570,Climática Ordinaria,INSTITUTO DE HIDROLOGIA METEOROLOGIA Y ESTUDIOS AMBIENTALES,Area Operativa 11 - Cundinamarca-Amazonas,Bogota,"Bogota, D.C",15/12/1988 00:00,,TEMPERATURA,TMX_CON,Temperatura máxima diaria,Diaria,2023-02-21 00:00,20.2,50,,900
21206260,C.UNIV.AGROP-UDCA [21206260],4.7986388890,-74.04972222,2570,Climática Ordinaria,INSTITUTO DE HIDROLOGIA METEOROLOGIA Y ESTUDIOS AMBIENTALES,Area Operativa 11 - Cundinamarca-Amazonas,Bogota,"Bogota, D.C",15/12/1988 00:00,,TEMPERATURA,TMX_CON,Temperatura máxima diaria,Diaria,2023-02-22 00:00,20.6,50,,900
21206260,C.UNIV.AGROP-UDCA [21206260],4.7986388890,-74.04972222,2570,Climática Ordinaria,INSTITUTO DE HIDROLOGIA METEOROLOGIA Y ESTUDIOS AMBIENTALES,Area Operativa 11 - Cundinamarca-Amazonas,Bogota,"Bogota, D.C",15/12/1988 00:00,,TEMPERATURA,TMX_CON,Temperatura máxima diaria,Diaria,2023-02-23 00:00,22.6,50,,900
21206260,C.UNIV.AGROP-UDCA [21206260],4.7986388890,-74.04972222,2570,Climática Ordinaria,INSTITUTO DE HIDROLOGIA METEOROLOGIA Y ESTUDIOS AMBIENTALES,Area Operativa 11 - Cundinamarca-Amazonas,Bogota,"Bogota, D.C",15/12/1988 00:00,,TEMPERATURA,TMX_CON,Temperatura máxima diaria,Diaria,2023-02-24 00:00,22.2,50,,900
21206260,C.UNIV.AGROP-UDCA [21206260],4.7986388890,-74.04972222,2570,Climática Ordinaria,INSTITUTO DE HIDROLOGIA METEOROLOGIA Y ESTUDIOS AMBIENTALES,Area Operativa 11 - Cundinamarca-Amazonas,Bogota,"Bogota, D.C",15/12/1988 00:00,,TEMPERATURA,TMX_CON,Temperatura máxima diaria,Diaria,2023-02-25 00:00,22,50,,900
21206260,C.UNIV.AGROP-UDCA [21206260],4.7986388890,-74.04972222,2570,Climática Ordinaria,INSTITUTO DE HIDROLOGIA METEOROLOGIA Y ESTUDIOS AMBIENTALES,Area Operativa 11 - Cundinamarca-Amazonas,Bogota,"Bogota, D.C",15/12/1988 00:00,,TEMPERATURA,TMX_CON,Temperatura máxima diaria,Diaria,2023-02-27 00:00,21.6,50,,900
21206260,C.UNIV.AGROP-UDCA [21206260],4.7986388890,-74.04972222,2570,Climática Ordinaria,INSTITUTO DE HIDROLOGIA METEOROLOGIA Y ESTUDIOS AMBIENTALES,Area Operativa 11 - Cundinamarca-Amazonas,Bogota,"Bogota, D.C",15/12/1988 00:00,,TEMPERATURA,TMX_CON,Temperatura máxima diaria,Diaria,2023-02-28 00:00,21.8,50,,900
21206260,C.UNIV.AGROP-UDCA [21206260],4.7986388890,-74.04972222,2570,Climática Ordinaria,INSTITUTO DE HIDROLOGIA METEOROLOGIA Y ESTUDIOS AMBIENTALES,Area Operativa 11 - Cundinamarca-Amazonas,Bogota,"Bogota, D.C",15/12/1988 00:00,,TEMPERATURA,TMX_CON,Temperatura máxima diaria,Diaria,2023-03-01 00:00,20.4,50,,900
21206260,C.UNIV.AGROP-UDCA [21206260],4.7986388890,-74.04972222,2570,Climática Ordinaria,INSTITUTO DE HIDROLOGIA METEOROLOGIA Y ESTUDIOS AMBIENTALES,Area Operativa 11 - Cundinamarca-Amazonas,Bogota,"Bogota, D.C",15/12/1988 00:00,,TEMPERATURA,TMX_CON,Temperatura máxima diaria,Diaria,2023-03-02 00:00,19.6,50,,900
21206260,C.UNIV.AGROP-UDCA [21206260],4.7986388890,-74.04972222,2570,Climática Ordinaria,INSTITUTO DE HIDROLOGIA METEOROLOGIA Y ESTUDIOS AMBIENTALES,Area Operativa 11 - Cundinamarca-Amazonas,Bogota,"Bogota, D.C",15/12/1988 00:00,,TEMPERATURA,TMX_CON,Temperatura máxima diaria,Diaria,2023-03-03 00:00,21,50,,900
21206260,C.UNIV.AGROP-UDCA [21206260],4.7986388890,-74.04972222,2570,Climática Ordinaria,INSTITUTO DE HIDROLOGIA METEOROLOGIA Y ESTUDIOS AMBIENTALES,Area Operativa 11 - Cundinamarca-Amazonas,Bogota,"Bogota, D.C",15/12/1988 00:00,,TEMPERATURA,TMX_CON,Temperatura máxima diaria,Diaria,2023-03-04 00:00,19.2,50,,900
21206260,C.UNIV.AGROP-UDCA [21206260],4.7986388890,-74.04972222,2570,Climática Ordinaria,INSTITUTO DE HIDROLOGIA METEOROLOGIA Y ESTUDIOS AMBIENTALES,Area Operativa 11 - Cundinamarca-Amazonas,Bogota,"Bogota, D.C",15/12/1988 00:00,,TEMPERATURA,TMX_CON,Temperatura máxima diaria,Diaria,2023-03-06 00:00,22,50,,900
21206260,C.UNIV.AGROP-UDCA [21206260],4.7986388890,-74.04972222,2570,Climática Ordinaria,INSTITUTO DE HIDROLOGIA METEOROLOGIA Y ESTUDIOS AMBIENTALES,Area Operativa 11 - Cundinamarca-Amazonas,Bogota,"Bogota, D.C",15/12/1988 00:00,,TEMPERATURA,TMX_CON,Temperatura máxima diaria,Diaria,2023-03-07 00:00,21.8,50,,900
21206260,C.UNIV.AGROP-UDCA [21206260],4.7986388890,-74.04972222,2570,Climática Ordinaria,INSTITUTO DE HIDROLOGIA METEOROLOGIA Y ESTUDIOS AMBIENTALES,Area Operativa 11 - Cundinamarca-Amazonas,Bogota,"Bogota, D.C",15/12/1988 00:00,,TEMPERATURA,TMX_CON,Temperatura máxima diaria,Diaria,2023-03-08 00:00,20,50,,900
21206260,C.UNIV.AGROP-UDCA [21206260],4.7986388890,-74.04972222,2570,Climática Ordinaria,INSTITUTO DE HIDROLOGIA METEOROLOGIA Y ESTUDIOS AMBIENTALES,Area Operativa 11 - Cundinamarca-Amazonas,Bogota,"Bogota, D.C",15/12/1988 00:00,,TEMPERATURA,TMX_CON,Temperatura máxima diaria,Diaria,2023-03-09 00:00,15.2,50,,900
21206260,C.UNIV.AGROP-UDCA [21206260],4.7986388890,-74.04972222,2570,Climática Ordinaria,INSTITUTO DE HIDROLOGIA METEOROLOGIA Y ESTUDIOS AMBIENTALES,Area Operativa 11 - Cundinamarca-Amazonas,Bogota,"Bogota, D.C",15/12/1988 00:00,,TEMPERATURA,TMX_CON,Temperatura máxima diaria,Diaria,2023-03-10 00:00,19.8,50,,900
21206260,C.UNIV.AGROP-UDCA [21206260],4.7986388890,-74.04972222,2570,Climática Ordinaria,INSTITUTO DE HIDROLOGIA METEOROLOGIA Y ESTUDIOS AMBIENTALES,Area Operativa 11 - Cundinamarca-Amazonas,Bogota,"Bogota, D.C",15/12/1988 00:00,,TEMPERATURA,TMX_CON,Temperatura máxima diaria,Diaria,2023-03-11 00:00,18,50,,900
21206260,C.UNIV.AGROP-UDCA [21206260],4.7986388890,-74.04972222,2570,Climática Ordinaria,INSTITUTO DE HIDROLOGIA METEOROLOGIA Y ESTUDIOS AMBIENTALES,Area Operativa 11 - Cundinamarca-Amazonas,Bogota,"Bogota, D.C",15/12/1988 00:00,,TEMPERATURA,TMX_CON,Temperatura máxima diaria,Diaria,2023-03-13 00:00,16.8,50,,900
21206260,C.UNIV.AGROP-UDCA [21206260],4.7986388890,-74.04972222,2570,Climática Ordinaria,INSTITUTO DE HIDROLOGIA METEOROLOGIA Y ESTUDIOS AMBIENTALES,Area Operativa 11 - Cundinamarca-Amazonas,Bogota,"Bogota, D.C",15/12/1988 00:00,,TEMPERATURA,TMX_CON,Temperatura máxima diaria,Diaria,2023-03-14 00:00,20.2,50,,900
21206260,C.UNIV.AGROP-UDCA [21206260],4.7986388890,-74.04972222,2570,Climática Ordinaria,INSTITUTO DE HIDROLOGIA METEOROLOGIA Y ESTUDIOS AMBIENTALES,Area Operativa 11 - Cundinamarca-Amazonas,Bogota,"Bogota, D.C",15/12/1988 00:00,,TEMPERATURA,TMX_CON,Temperatura máxima diaria,Diaria,2023-03-15 00:00,20,50,,900
21206260,C.UNIV.AGROP-UDCA [21206260],4.7986388890,-74.04972222,2570,Climática Ordinaria,INSTITUTO DE HIDROLOGIA METEOROLOGIA Y ESTUDIOS AMBIENTALES,Area Operativa 11 - Cundinamarca-Amazonas,Bogota,"Bogota, D.C",15/12/1988 00:00,,TEMPERATURA,TMX_CON,Temperatura máxima diaria,Diaria,2023-03-16 00:00,20.6,50,,900
21206260,C.UNIV.AGROP-UDCA [21206260],4.7986388890,-74.04972222,2570,Climática Ordinaria,INSTITUTO DE HIDROLOGIA METEOROLOGIA Y ESTUDIOS AMBIENTALES,Area Operativa 11 - Cundinamarca-Amazonas,Bogota,"Bogota, D.C",15/12/1988 00:00,,TEMPERATURA,TMX_CON,Temperatura máxima diaria,Diaria,2023-03-17 00:00,21.4,50,,900
21206260,C.UNIV.AGROP-UDCA [21206260],4.7986388890,-74.04972222,2570,Climática Ordinaria,INSTITUTO DE HIDROLOGIA METEOROLOGIA Y ESTUDIOS AMBIENTALES,Area Operativa 11 - Cundinamarca-Amazonas,Bogota,"Bogota, D.C",15/12/1988 00:00,,TEMPERATURA,TMX_CON,Temperatura máxima diaria,Diaria,2023-03-18 00:00,21.8,50,,900
21206260,C.UNIV.AGROP-UDCA [21206260],4.7986388890,-74.04972222,2570,Climática Ordinaria,INSTITUTO DE HIDROLOGIA METEOROLOGIA Y ESTUDIOS AMBIENTALES,Area Operativa 11 - Cundinamarca-Amazonas,Bogota,"Bogota, D.C",15/12/1988 00:00,,TEMPERATURA,TMX_CON,Temperatura máxima diaria,Diaria,2023-03-21 00:00,22.6,50,,900
21206260,C.UNIV.AGROP-UDCA [21206260],4.7986388890,-74.04972222,2570,Climática Ordinaria,INSTITUTO DE HIDROLOGIA METEOROLOGIA Y ESTUDIOS AMBIENTALES,Area Operativa 11 - Cundinamarca-Amazonas,Bogota,"Bogota, D.C",15/12/1988 00:00,,TEMPERATURA,TMX_CON,Temperatura máxima diaria,Diaria,2023-03-22 00:00,21.2,50,,900
21206260,C.UNIV.AGROP-UDCA [21206260],4.7986388890,-74.04972222,2570,Climática Ordinaria,INSTITUTO DE HIDROLOGIA METEOROLOGIA Y ESTUDIOS AMBIENTALES,Area Operativa 11 - Cundinamarca-Amazonas,Bogota,"Bogota, D.C",15/12/1988 00:00,,TEMPERATURA,TMX_CON,Temperatura máxima diaria,Diaria,2023-03-23 00:00,21,50,,900
21206260,C.UNIV.AGROP-UDCA [21206260],4.7986388890,-74.04972222,2570,Climática Ordinaria,INSTITUTO DE HIDROLOGIA METEOROLOGIA Y ESTUDIOS AMBIENTALES,Area Operativa 11 - Cundinamarca-Amazonas,Bogota,"Bogota, D.C",15/12/1988 00:00,,TEMPERATURA,TMX_CON,Temperatura máxima diaria,Diaria,2023-03-24 00:00,22,50,,900
21206260,C.UNIV.AGROP-UDCA [21206260],4.7986388890,-74.04972222,2570,Climática Ordinaria,INSTITUTO DE HIDROLOGIA METEOROLOGIA Y ESTUDIOS AMBIENTALES,Area Operativa 11 - Cundinamarca-Amazonas,Bogota,"Bogota, D.C",15/12/1988 00:00,,TEMPERATURA,TMX_CON,Temperatura máxima diaria,Diaria,2023-03-25 00:00,20,50,,900
21206260,C.UNIV.AGROP-UDCA [21206260],4.7986388890,-74.04972222,2570,Climática Ordinaria,INSTITUTO DE HIDROLOGIA METEOROLOGIA Y ESTUDIOS AMBIENTALES,Area Operativa 11 - Cundinamarca-Amazonas,Bogota,"Bogota, D.C",15/12/1988 00:00,,TEMPERATURA,TMX_CON,Temperatura máxima diaria,Diaria,2023-03-27 00:00,21.2,50,,900
21206260,C.UNIV.AGROP-UDCA [21206260],4.7986388890,-74.04972222,2570,Climática Ordinaria,INSTITUTO DE HIDROLOGIA METEOROLOGIA Y ESTUDIOS AMBIENTALES,Area Operativa 11 - Cundinamarca-Amazonas,Bogota,"Bogota, D.C",15/12/1988 00:00,,TEMPERATURA,TMX_CON,Temperatura máxima diaria,Diaria,2023-03-28 00:00,22,50,,900
21206260,C.UNIV.AGROP-UDCA [21206260],4.7986388890,-74.04972222,2570,Climática Ordinaria,INSTITUTO DE HIDROLOGIA METEOROLOGIA Y ESTUDIOS AMBIENTALES,Area Operativa 11 - Cundinamarca-Amazonas,Bogota,"Bogota, D.C",15/12/1988 00:00,,TEMPERATURA,TMX_CON,Temperatura máxima diaria,Diaria,2023-03-29 00:00,17.2,50,,900
21206260,C.UNIV.AGROP-UDCA [21206260],4.7986388890,-74.04972222,2570,Climática Ordinaria,INSTITUTO DE HIDROLOGIA METEOROLOGIA Y ESTUDIOS AMBIENTALES,Area Operativa 11 - Cundinamarca-Amazonas,Bogota,"Bogota, D.C",15/12/1988 00:00,,TEMPERATURA,TMX_CON,Temperatura máxima diaria,Diaria,2023-03-30 00:00,19.6,50,,900
21206260,C.UNIV.AGROP-UDCA [21206260],4.7986388890,-74.04972222,2570,Climática Ordinaria,INSTITUTO DE HIDROLOGIA METEOROLOGIA Y ESTUDIOS AMBIENTALES,Area Operativa 11 - Cundinamarca-Amazonas,Bogota,"Bogota, D.C",15/12/1988 00:00,,TEMPERATURA,TMX_CON,Temperatura máxima diaria,Diaria,2023-03-31 00:00,18.4,50,,900
21206260,C.UNIV.AGROP-UDCA [21206260],4.7986388890,-74.04972222,2570,Climática Ordinaria,INSTITUTO DE HIDROLOGIA METEOROLOGIA Y ESTUDIOS AMBIENTALES,Area Operativa 11 - Cundinamarca-Amazonas,Bogota,"Bogota, D.C",15/12/1988 00:00,,TEMPERATURA,TMX_CON,Temperatura máxima diaria,Diaria,2023-04-01 00:00,20.8,50,,900
21206260,C.UNIV.AGROP-UDCA [21206260],4.7986388890,-74.04972222,2570,Climática Ordinaria,INSTITUTO DE HIDROLOGIA METEOROLOGIA Y ESTUDIOS AMBIENTALES,Area Operativa 11 - Cundinamarca-Amazonas,Bogota,"Bogota, D.C",15/12/1988 00:00,,TEMPERATURA,TMX_CON,Temperatura máxima diaria,Diaria,2023-04-08 00:00,18.2,50,,900
21206260,C.UNIV.AGROP-UDCA [21206260],4.7986388890,-74.04972222,2570,Climática Ordinaria,INSTITUTO DE HIDROLOGIA METEOROLOGIA Y ESTUDIOS AMBIENTALES,Area Operativa 11 - Cundinamarca-Amazonas,Bogota,"Bogota, D.C",15/12/1988 00:00,,TEMPERATURA,TMX_CON,Temperatura máxima diaria,Diaria,2023-04-10 00:00,20,50,,900
21206260,C.UNIV.AGROP-UDCA [21206260],4.7986388890,-74.04972222,2570,Climática Ordinaria,INSTITUTO DE HIDROLOGIA METEOROLOGIA Y ESTUDIOS AMBIENTALES,Area Operativa 11 - Cundinamarca-Amazonas,Bogota,"Bogota, D.C",15/12/1988 00:00,,TEMPERATURA,TMX_CON,Temperatura máxima diaria,Diaria,2023-04-11 00:00,21.2,50,,900
21206260,C.UNIV.AGROP-UDCA [21206260],4.7986388890,-74.04972222,2570,Climática Ordinaria,INSTITUTO DE HIDROLOGIA METEOROLOGIA Y ESTUDIOS AMBIENTALES,Area Operativa 11 - Cundinamarca-Amazonas,Bogota,"Bogota, D.C",15/12/1988 00:00,,TEMPERATURA,TMX_CON,Temperatura máxima diaria,Diaria,2023-04-12 00:00,20,50,,900
21206260,C.UNIV.AGROP-UDCA [21206260],4.7986388890,-74.04972222,2570,Climática Ordinaria,INSTITUTO DE HIDROLOGIA METEOROLOGIA Y ESTUDIOS AMBIENTALES,Area Operativa 11 - Cundinamarca-Amazonas,Bogota,"Bogota, D.C",15/12/1988 00:00,,TEMPERATURA,TMX_CON,Temperatura máxima diaria,Diaria,2023-04-13 00:00,21.2,50,,900
21206260,C.UNIV.AGROP-UDCA [21206260],4.7986388890,-74.04972222,2570,Climática Ordinaria,INSTITUTO DE HIDROLOGIA METEOROLOGIA Y ESTUDIOS AMBIENTALES,Area Operativa 11 - Cundinamarca-Amazonas,Bogota,"Bogota, D.C",15/12/1988 00:00,,TEMPERATURA,TMX_CON,Temperatura máxima diaria,Diaria,2023-04-14 00:00,21.6,50,,900
21206260,C.UNIV.AGROP-UDCA [21206260],4.7986388890,-74.04972222,2570,Climática Ordinaria,INSTITUTO DE HIDROLOGIA METEOROLOGIA Y ESTUDIOS AMBIENTALES,Area Operativa 11 - Cundinamarca-Amazonas,Bogota,"Bogota, D.C",15/12/1988 00:00,,TEMPERATURA,TMX_CON,Temperatura máxima diaria,Diaria,2023-04-15 00:00,20.6,50,,900
21206260,C.UNIV.AGROP-UDCA [21206260],4.7986388890,-74.04972222,2570,Climática Ordinaria,INSTITUTO DE HIDROLOGIA METEOROLOGIA Y ESTUDIOS AMBIENTALES,Area Operativa 11 - Cundinamarca-Amazonas,Bogota,"Bogota, D.C",15/12/1988 00:00,,TEMPERATURA,TMX_CON,Temperatura máxima diaria,Diaria,2023-04-17 00:00,22,50,,900
21206260,C.UNIV.AGROP-UDCA [21206260],4.7986388890,-74.04972222,2570,Climática Ordinaria,INSTITUTO DE HIDROLOGIA METEOROLOGIA Y ESTUDIOS AMBIENTALES,Area Operativa 11 - Cundinamarca-Amazonas,Bogota,"Bogota, D.C",15/12/1988 00:00,,TEMPERATURA,TMX_CON,Temperatura máxima diaria,Diaria,2023-04-18 00:00,19.8,50,,900
21206260,C.UNIV.AGROP-UDCA [21206260],4.7986388890,-74.04972222,2570,Climática Ordinaria,INSTITUTO DE HIDROLOGIA METEOROLOGIA Y ESTUDIOS AMBIENTALES,Area Operativa 11 - Cundinamarca-Amazonas,Bogota,"Bogota, D.C",15/12/1988 00:00,,TEMPERATURA,TMX_CON,Temperatura máxima diaria,Diaria,2023-04-19 00:00,22.6,50,,900
21206260,C.UNIV.AGROP-UDCA [21206260],4.7986388890,-74.04972222,2570,Climática Ordinaria,INSTITUTO DE HIDROLOGIA METEOROLOGIA Y ESTUDIOS AMBIENTALES,Area Operativa 11 - Cundinamarca-Amazonas,Bogota,"Bogota, D.C",15/12/1988 00:00,,TEMPERATURA,TMX_CON,Temperatura máxima diaria,Diaria,2023-04-20 00:00,20.2,50,,900
21206260,C.UNIV.AGROP-UDCA [21206260],4.7986388890,-74.04972222,2570,Climática Ordinaria,INSTITUTO DE HIDROLOGIA METEOROLOGIA Y ESTUDIOS AMBIENTALES,Area Operativa 11 - Cundinamarca-Amazonas,Bogota,"Bogota, D.C",15/12/1988 00:00,,TEMPERATURA,TMX_CON,Temperatura máxima diaria,Diaria,2023-04-21 00:00,18.8,50,,900
21206260,C.UNIV.AGROP-UDCA [21206260],4.7986388890,-74.04972222,2570,Climática Ordinaria,INSTITUTO DE HIDROLOGIA METEOROLOGIA Y ESTUDIOS AMBIENTALES,Area Operativa 11 - Cundinamarca-Amazonas,Bogota,"Bogota, D.C",15/12/1988 00:00,,TEMPERATURA,TMX_CON,Temperatura máxima diaria,Diaria,2023-04-22 00:00,21,50,,900
21206260,C.UNIV.AGROP-UDCA [21206260],4.7986388890,-74.04972222,2570,Climática Ordinaria,INSTITUTO DE HIDROLOGIA METEOROLOGIA Y ESTUDIOS AMBIENTALES,Area Operativa 11 - Cundinamarca-Amazonas,Bogota,"Bogota, D.C",15/12/1988 00:00,,TEMPERATURA,TMX_CON,Temperatura máxima diaria,Diaria,2023-04-24 00:00,19.4,50,,900
21206260,C.UNIV.AGROP-UDCA [21206260],4.7986388890,-74.04972222,2570,Climática Ordinaria,INSTITUTO DE HIDROLOGIA METEOROLOGIA Y ESTUDIOS AMBIENTALES,Area Operativa 11 - Cundinamarca-Amazonas,Bogota,"Bogota, D.C",15/12/1988 00:00,,TEMPERATURA,TMX_CON,Temperatura máxima diaria,Diaria,2023-04-25 00:00,20.8,50,,900
21206260,C.UNIV.AGROP-UDCA [21206260],4.7986388890,-74.04972222,2570,Climática Ordinaria,INSTITUTO DE HIDROLOGIA METEOROLOGIA Y ESTUDIOS AMBIENTALES,Area Operativa 11 - Cundinamarca-Amazonas,Bogota,"Bogota, D.C",15/12/1988 00:00,,TEMPERATURA,TMX_CON,Temperatura máxima diaria,Diaria,2023-04-26 00:00,18.6,50,,900
21206260,C.UNIV.AGROP-UDCA [21206260],4.7986388890,-74.04972222,2570,Climática Ordinaria,INSTITUTO DE HIDROLOGIA METEOROLOGIA Y ESTUDIOS AMBIENTALES,Area Operativa 11 - Cundinamarca-Amazonas,Bogota,"Bogota, D.C",15/12/1988 00:00,,TEMPERATURA,TMX_CON,Temperatura máxima diaria,Diaria,2023-04-27 00:00,20.4,50,,900
21206260,C.UNIV.AGROP-UDCA [21206260],4.7986388890,-74.04972222,2570,Climática Ordinaria,INSTITUTO DE HIDROLOGIA METEOROLOGIA Y ESTUDIOS AMBIENTALES,Area Operativa 11 - Cundinamarca-Amazonas,Bogota,"Bogota, D.C",15/12/1988 00:00,,TEMPERATURA,TMX_CON,Temperatura máxima diaria,Diaria,2023-04-28 00:00,19.6,50,,900
21206260,C.UNIV.AGROP-UDCA [21206260],4.7986388890,-74.04972222,2570,Climática Ordinaria,INSTITUTO DE HIDROLOGIA METEOROLOGIA Y ESTUDIOS AMBIENTALES,Area Operativa 11 - Cundinamarca-Amazonas,Bogota,"Bogota, D.C",15/12/1988 00:00,,TEMPERATURA,TMX_CON,Temperatura máxima diaria,Diaria,2023-04-29 00:00,20.4,50,,900
21206260,C.UNIV.AGROP-UDCA [21206260],4.7986388890,-74.04972222,2570,Climática Ordinaria,INSTITUTO DE HIDROLOGIA METEOROLOGIA Y ESTUDIOS AMBIENTALES,Area Operativa 11 - Cundinamarca-Amazonas,Bogota,"Bogota, D.C",15/12/1988 00:00,,TEMPERATURA,TMX_CON,Temperatura máxima diaria,Diaria,2023-05-02 00:00,20,50,,900
21206260,C.UNIV.AGROP-UDCA [21206260],4.7986388890,-74.04972222,2570,Climática Ordinaria,INSTITUTO DE HIDROLOGIA METEOROLOGIA Y ESTUDIOS AMBIENTALES,Area Operativa 11 - Cundinamarca-Amazonas,Bogota,"Bogota, D.C",15/12/1988 00:00,,TEMPERATURA,TMX_CON,Temperatura máxima diaria,Diaria,2023-05-03 00:00,20.4,50,,900
21206260,C.UNIV.AGROP-UDCA [21206260],4.7986388890,-74.04972222,2570,Climática Ordinaria,INSTITUTO DE HIDROLOGIA METEOROLOGIA Y ESTUDIOS AMBIENTALES,Area Operativa 11 - Cundinamarca-Amazonas,Bogota,"Bogota, D.C",15/12/1988 00:00,,TEMPERATURA,TMX_CON,Temperatura máxima diaria,Diaria,2023-05-04 00:00,20.8,50,,900
21206260,C.UNIV.AGROP-UDCA [21206260],4.7986388890,-74.04972222,2570,Climática Ordinaria,INSTITUTO DE HIDROLOGIA METEOROLOGIA Y ESTUDIOS AMBIENTALES,Area Operativa 11 - Cundinamarca-Amazonas,Bogota,"Bogota, D.C",15/12/1988 00:00,,TEMPERATURA,TMX_CON,Temperatura máxima diaria,Diaria,2023-05-05 00:00,20.4,50,,900
21206260,C.UNIV.AGROP-UDCA [21206260],4.7986388890,-74.04972222,2570,Climática Ordinaria,INSTITUTO DE HIDROLOGIA METEOROLOGIA Y ESTUDIOS AMBIENTALES,Area Operativa 11 - Cundinamarca-Amazonas,Bogota,"Bogota, D.C",15/12/1988 00:00,,TEMPERATURA,TMX_CON,Temperatura máxima diaria,Diaria,2023-05-06 00:00,23.2,50,,900
21206260,C.UNIV.AGROP-UDCA [21206260],4.7986388890,-74.04972222,2570,Climática Ordinaria,INSTITUTO DE HIDROLOGIA METEOROLOGIA Y ESTUDIOS AMBIENTALES,Area Operativa 11 - Cundinamarca-Amazonas,Bogota,"Bogota, D.C",15/12/1988 00:00,,TEMPERATURA,TMX_CON,Temperatura máxima diaria,Diaria,2023-05-08 00:00,19.4,50,,900
21206260,C.UNIV.AGROP-UDCA [21206260],4.7986388890,-74.04972222,2570,Climática Ordinaria,INSTITUTO DE HIDROLOGIA METEOROLOGIA Y ESTUDIOS AMBIENTALES,Area Operativa 11 - Cundinamarca-Amazonas,Bogota,"Bogota, D.C",15/12/1988 00:00,,TEMPERATURA,TMX_CON,Temperatura máxima diaria,Diaria,2023-05-09 00:00,19.2,50,,900
21206260,C.UNIV.AGROP-UDCA [21206260],4.7986388890,-74.04972222,2570,Climática Ordinaria,INSTITUTO DE HIDROLOGIA METEOROLOGIA Y ESTUDIOS AMBIENTALES,Area Operativa 11 - Cundinamarca-Amazonas,Bogota,"Bogota, D.C",15/12/1988 00:00,,TEMPERATURA,TMX_CON,Temperatura máxima diaria,Diaria,2023-05-10 00:00,20.2,50,,900
21206260,C.UNIV.AGROP-UDCA [21206260],4.7986388890,-74.04972222,2570,Climática Ordinaria,INSTITUTO DE HIDROLOGIA METEOROLOGIA Y ESTUDIOS AMBIENTALES,Area Operativa 11 - Cundinamarca-Amazonas,Bogota,"Bogota, D.C",15/12/1988 00:00,,TEMPERATURA,TMX_CON,Temperatura máxima diaria,Diaria,2023-05-11 00:00,22,50,,900
21206260,C.UNIV.AGROP-UDCA [21206260],4.7986388890,-74.04972222,2570,Climática Ordinaria,INSTITUTO DE HIDROLOGIA METEOROLOGIA Y ESTUDIOS AMBIENTALES,Area Operativa 11 - Cundinamarca-Amazonas,Bogota,"Bogota, D.C",15/12/1988 00:00,,TEMPERATURA,TMX_CON,Temperatura máxima diaria,Diaria,2023-05-12 00:00,21.4,50,,900
21206260,C.UNIV.AGROP-UDCA [21206260],4.7986388890,-74.04972222,2570,Climática Ordinaria,INSTITUTO DE HIDROLOGIA METEOROLOGIA Y ESTUDIOS AMBIENTALES,Area Operativa 11 - Cundinamarca-Amazonas,Bogota,"Bogota, D.C",15/12/1988 00:00,,TEMPERATURA,TMX_CON,Temperatura máxima diaria,Diaria,2023-05-13 00:00,20.4,50,,900
21206260,C.UNIV.AGROP-UDCA [21206260],4.7986388890,-74.04972222,2570,Climática Ordinaria,INSTITUTO DE HIDROLOGIA METEOROLOGIA Y ESTUDIOS AMBIENTALES,Area Operativa 11 - Cundinamarca-Amazonas,Bogota,"Bogota, D.C",15/12/1988 00:00,,TEMPERATURA,TMX_CON,Temperatura máxima diaria,Diaria,2023-05-15 00:00,19.4,50,,900
21206260,C.UNIV.AGROP-UDCA [21206260],4.7986388890,-74.04972222,2570,Climática Ordinaria,INSTITUTO DE HIDROLOGIA METEOROLOGIA Y ESTUDIOS AMBIENTALES,Area Operativa 11 - Cundinamarca-Amazonas,Bogota,"Bogota, D.C",15/12/1988 00:00,,TEMPERATURA,TMX_CON,Temperatura máxima diaria,Diaria,2023-05-16 00:00,22,50,,900
21206260,C.UNIV.AGROP-UDCA [21206260],4.7986388890,-74.04972222,2570,Climática Ordinaria,INSTITUTO DE HIDROLOGIA METEOROLOGIA Y ESTUDIOS AMBIENTALES,Area Operativa 11 - Cundinamarca-Amazonas,Bogota,"Bogota, D.C",15/12/1988 00:00,,TEMPERATURA,TMX_CON,Temperatura máxima diaria,Diaria,2023-05-17 00:00,22.4,50,,900
21206260,C.UNIV.AGROP-UDCA [21206260],4.7986388890,-74.04972222,2570,Climática Ordinaria,INSTITUTO DE HIDROLOGIA METEOROLOGIA Y ESTUDIOS AMBIENTALES,Area Operativa 11 - Cundinamarca-Amazonas,Bogota,"Bogota, D.C",15/12/1988 00:00,,TEMPERATURA,TMX_CON,Temperatura máxima diaria,Diaria,2023-05-18 00:00,22.8,50,,900
21206260,C.UNIV.AGROP-UDCA [21206260],4.7986388890,-74.04972222,2570,Climática Ordinaria,INSTITUTO DE HIDROLOGIA METEOROLOGIA Y ESTUDIOS AMBIENTALES,Area Operativa 11 - Cundinamarca-Amazonas,Bogota,"Bogota, D.C",15/12/1988 00:00,,TEMPERATURA,TMX_CON,Temperatura máxima diaria,Diaria,2023-05-19 00:00,21.2,50,,900
21206260,C.UNIV.AGROP-UDCA [21206260],4.7986388890,-74.04972222,2570,Climática Ordinaria,INSTITUTO DE HIDROLOGIA METEOROLOGIA Y ESTUDIOS AMBIENTALES,Area Operativa 11 - Cundinamarca-Amazonas,Bogota,"Bogota, D.C",15/12/1988 00:00,,TEMPERATURA,TMX_CON,Temperatura máxima diaria,Diaria,2023-05-20 00:00,22,50,,900
21206260,C.UNIV.AGROP-UDCA [21206260],4.7986388890,-74.04972222,2570,Climática Ordinaria,INSTITUTO DE HIDROLOGIA METEOROLOGIA Y ESTUDIOS AMBIENTALES,Area Operativa 11 - Cundinamarca-Amazonas,Bogota,"Bogota, D.C",15/12/1988 00:00,,TEMPERATURA,TMX_CON,Temperatura máxima diaria,Diaria,2023-05-23 00:00,21.2,50,,900
21206260,C.UNIV.AGROP-UDCA [21206260],4.7986388890,-74.04972222,2570,Climática Ordinaria,INSTITUTO DE HIDROLOGIA METEOROLOGIA Y ESTUDIOS AMBIENTALES,Area Operativa 11 - Cundinamarca-Amazonas,Bogota,"Bogota, D.C",15/12/1988 00:00,,TEMPERATURA,TMX_CON,Temperatura máxima diaria,Diaria,2023-05-24 00:00,22,50,,900
21206260,C.UNIV.AGROP-UDCA [21206260],4.7986388890,-74.04972222,2570,Climática Ordinaria,INSTITUTO DE HIDROLOGIA METEOROLOGIA Y ESTUDIOS AMBIENTALES,Area Operativa 11 - Cundinamarca-Amazonas,Bogota,"Bogota, D.C",15/12/1988 00:00,,TEMPERATURA,TMX_CON,Temperatura máxima diaria,Diaria,2023-05-25 00:00,21,50,,900
21206260,C.UNIV.AGROP-UDCA [21206260],4.7986388890,-74.04972222,2570,Climática Ordinaria,INSTITUTO DE HIDROLOGIA METEOROLOGIA Y ESTUDIOS AMBIENTALES,Area Operativa 11 - Cundinamarca-Amazonas,Bogota,"Bogota, D.C",15/12/1988 00:00,,TEMPERATURA,TMX_CON,Temperatura máxima diaria,Diaria,2023-05-26 00:00,17.6,50,,900
21206260,C.UNIV.AGROP-UDCA [21206260],4.7986388890,-74.04972222,2570,Climática Ordinaria,INSTITUTO DE HIDROLOGIA METEOROLOGIA Y ESTUDIOS AMBIENTALES,Area Operativa 11 - Cundinamarca-Amazonas,Bogota,"Bogota, D.C",15/12/1988 00:00,,TEMPERATURA,TMX_CON,Temperatura máxima diaria,Diaria,2023-05-27 00:00,20.2,50,,900
21206260,C.UNIV.AGROP-UDCA [21206260],4.7986388890,-74.04972222,2570,Climática Ordinaria,INSTITUTO DE HIDROLOGIA METEOROLOGIA Y ESTUDIOS AMBIENTALES,Area Operativa 11 - Cundinamarca-Amazonas,Bogota,"Bogota, D.C",15/12/1988 00:00,,TEMPERATURA,TMX_CON,Temperatura máxima diaria,Diaria,2023-05-29 00:00,22.4,50,,900
21206260,C.UNIV.AGROP-UDCA [21206260],4.7986388890,-74.04972222,2570,Climática Ordinaria,INSTITUTO DE HIDROLOGIA METEOROLOGIA Y ESTUDIOS AMBIENTALES,Area Operativa 11 - Cundinamarca-Amazonas,Bogota,"Bogota, D.C",15/12/1988 00:00,,TEMPERATURA,TMX_CON,Temperatura máxima diaria,Diaria,2023-05-30 00:00,20.4,50,,900
21206260,C.UNIV.AGROP-UDCA [21206260],4.7986388890,-74.04972222,2570,Climática Ordinaria,INSTITUTO DE HIDROLOGIA METEOROLOGIA Y ESTUDIOS AMBIENTALES,Area Operativa 11 - Cundinamarca-Amazonas,Bogota,"Bogota, D.C",15/12/1988 00:00,,TEMPERATURA,TMX_CON,Temperatura máxima diaria,Diaria,2023-05-31 00:00,20.4,50,,900
21206260,C.UNIV.AGROP-UDCA [21206260],4.7986388890,-74.04972222,2570,Climática Ordinaria,INSTITUTO DE HIDROLOGIA METEOROLOGIA Y ESTUDIOS AMBIENTALES,Area Operativa 11 - Cundinamarca-Amazonas,Bogota,"Bogota, D.C",15/12/1988 00:00,,TEMPERATURA,TMX_CON,Temperatura máxima diaria,Diaria,2023-06-01 00:00,18.6,50,,900
21206260,C.UNIV.AGROP-UDCA [21206260],4.7986388890,-74.04972222,2570,Climática Ordinaria,INSTITUTO DE HIDROLOGIA METEOROLOGIA Y ESTUDIOS AMBIENTALES,Area Operativa 11 - Cundinamarca-Amazonas,Bogota,"Bogota, D.C",15/12/1988 00:00,,TEMPERATURA,TMX_CON,Temperatura máxima diaria,Diaria,2023-06-02 00:00,19.2,50,,900
21206260,C.UNIV.AGROP-UDCA [21206260],4.7986388890,-74.04972222,2570,Climática Ordinaria,INSTITUTO DE HIDROLOGIA METEOROLOGIA Y ESTUDIOS AMBIENTALES,Area Operativa 11 - Cundinamarca-Amazonas,Bogota,"Bogota, D.C",15/12/1988 00:00,,TEMPERATURA,TMX_CON,Temperatura máxima diaria,Diaria,2023-06-03 00:00,21.2,50,,900
21206260,C.UNIV.AGROP-UDCA [21206260],4.7986388890,-74.04972222,2570,Climática Ordinaria,INSTITUTO DE HIDROLOGIA METEOROLOGIA Y ESTUDIOS AMBIENTALES,Area Operativa 11 - Cundinamarca-Amazonas,Bogota,"Bogota, D.C",15/12/1988 00:00,,TEMPERATURA,TMX_CON,Temperatura máxima diaria,Diaria,2023-06-05 00:00,20.2,50,,900
21206260,C.UNIV.AGROP-UDCA [21206260],4.7986388890,-74.04972222,2570,Climática Ordinaria,INSTITUTO DE HIDROLOGIA METEOROLOGIA Y ESTUDIOS AMBIENTALES,Area Operativa 11 - Cundinamarca-Amazonas,Bogota,"Bogota, D.C",15/12/1988 00:00,,TEMPERATURA,TMX_CON,Temperatura máxima diaria,Diaria,2023-06-06 00:00,19.6,50,,900
21206260,C.UNIV.AGROP-UDCA [21206260],4.7986388890,-74.04972222,2570,Climática Ordinaria,INSTITUTO DE HIDROLOGIA METEOROLOGIA Y ESTUDIOS AMBIENTALES,Area Operativa 11 - Cundinamarca-Amazonas,Bogota,"Bogota, D.C",15/12/1988 00:00,,TEMPERATURA,TMX_CON,Temperatura máxima diaria,Diaria,2023-06-07 00:00,19.2,50,,900
21206260,C.UNIV.AGROP-UDCA [21206260],4.7986388890,-74.04972222,2570,Climática Ordinaria,INSTITUTO DE HIDROLOGIA METEOROLOGIA Y ESTUDIOS AMBIENTALES,Area Operativa 11 - Cundinamarca-Amazonas,Bogota,"Bogota, D.C",15/12/1988 00:00,,TEMPERATURA,TMX_CON,Temperatura máxima diaria,Diaria,2023-06-08 00:00,19.4,50,,900
21206260,C.UNIV.AGROP-UDCA [21206260],4.7986388890,-74.04972222,2570,Climática Ordinaria,INSTITUTO DE HIDROLOGIA METEOROLOGIA Y ESTUDIOS AMBIENTALES,Area Operativa 11 - Cundinamarca-Amazonas,Bogota,"Bogota, D.C",15/12/1988 00:00,,TEMPERATURA,TMX_CON,Temperatura máxima diaria,Diaria,2023-06-09 00:00,20,50,,900
21206260,C.UNIV.AGROP-UDCA [21206260],4.7986388890,-74.04972222,2570,Climática Ordinaria,INSTITUTO DE HIDROLOGIA METEOROLOGIA Y ESTUDIOS AMBIENTALES,Area Operativa 11 - Cundinamarca-Amazonas,Bogota,"Bogota, D.C",15/12/1988 00:00,,TEMPERATURA,TMX_CON,Temperatura máxima diaria,Diaria,2023-06-10 00:00,21,50,,900
21206260,C.UNIV.AGROP-UDCA [21206260],4.7986388890,-74.04972222,2570,Climática Ordinaria,INSTITUTO DE HIDROLOGIA METEOROLOGIA Y ESTUDIOS AMBIENTALES,Area Operativa 11 - Cundinamarca-Amazonas,Bogota,"Bogota, D.C",15/12/1988 00:00,,TEMPERATURA,TMX_CON,Temperatura máxima diaria,Diaria,2023-06-13 00:00,20.6,50,,900
21206260,C.UNIV.AGROP-UDCA [21206260],4.7986388890,-74.04972222,2570,Climática Ordinaria,INSTITUTO DE HIDROLOGIA METEOROLOGIA Y ESTUDIOS AMBIENTALES,Area Operativa 11 - Cundinamarca-Amazonas,Bogota,"Bogota, D.C",15/12/1988 00:00,,TEMPERATURA,TMX_CON,Temperatura máxima diaria,Diaria,2023-06-14 00:00,17,50,,900
21206260,C.UNIV.AGROP-UDCA [21206260],4.7986388890,-74.04972222,2570,Climática Ordinaria,INSTITUTO DE HIDROLOGIA METEOROLOGIA Y ESTUDIOS AMBIENTALES,Area Operativa 11 - Cundinamarca-Amazonas,Bogota,"Bogota, D.C",15/12/1988 00:00,,TEMPERATURA,TMX_CON,Temperatura máxima diaria,Diaria,2023-06-15 00:00,17.8,50,,900
21206260,C.UNIV.AGROP-UDCA [21206260],4.7986388890,-74.04972222,2570,Climática Ordinaria,INSTITUTO DE HIDROLOGIA METEOROLOGIA Y ESTUDIOS AMBIENTALES,Area Operativa 11 - Cundinamarca-Amazonas,Bogota,"Bogota, D.C",15/12/1988 00:00,,TEMPERATURA,TMX_CON,Temperatura máxima diaria,Diaria,2023-06-16 00:00,18,50,,900
21206260,C.UNIV.AGROP-UDCA [21206260],4.7986388890,-74.04972222,2570,Climática Ordinaria,INSTITUTO DE HIDROLOGIA METEOROLOGIA Y ESTUDIOS AMBIENTALES,Area Operativa 11 - Cundinamarca-Amazonas,Bogota,"Bogota, D.C",15/12/1988 00:00,,TEMPERATURA,TMX_CON,Temperatura máxima diaria,Diaria,2023-06-17 00:00,18.8,50,,900
21206260,C.UNIV.AGROP-UDCA [21206260],4.7986388890,-74.04972222,2570,Climática Ordinaria,INSTITUTO DE HIDROLOGIA METEOROLOGIA Y ESTUDIOS AMBIENTALES,Area Operativa 11 - Cundinamarca-Amazonas,Bogota,"Bogota, D.C",15/12/1988 00:00,,TEMPERATURA,TMX_CON,Temperatura máxima diaria,Diaria,2023-06-20 00:00,19,50,,900
21206260,C.UNIV.AGROP-UDCA [21206260],4.7986388890,-74.04972222,2570,Climática Ordinaria,INSTITUTO DE HIDROLOGIA METEOROLOGIA Y ESTUDIOS AMBIENTALES,Area Operativa 11 - Cundinamarca-Amazonas,Bogota,"Bogota, D.C",15/12/1988 00:00,,TEMPERATURA,TMX_CON,Temperatura máxima diaria,Diaria,2023-06-21 00:00,19.4,50,,900
21206260,C.UNIV.AGROP-UDCA [21206260],4.7986388890,-74.04972222,2570,Climática Ordinaria,INSTITUTO DE HIDROLOGIA METEOROLOGIA Y ESTUDIOS AMBIENTALES,Area Operativa 11 - Cundinamarca-Amazonas,Bogota,"Bogota, D.C",15/12/1988 00:00,,TEMPERATURA,TMX_CON,Temperatura máxima diaria,Diaria,2023-06-22 00:00,20.4,50,,900
21206260,C.UNIV.AGROP-UDCA [21206260],4.7986388890,-74.04972222,2570,Climática Ordinaria,INSTITUTO DE HIDROLOGIA METEOROLOGIA Y ESTUDIOS AMBIENTALES,Area Operativa 11 - Cundinamarca-Amazonas,Bogota,"Bogota, D.C",15/12/1988 00:00,,TEMPERATURA,TMX_CON,Temperatura máxima diaria,Diaria,2023-06-23 00:00,21.2,50,,900
21206260,C.UNIV.AGROP-UDCA [21206260],4.7986388890,-74.04972222,2570,Climática Ordinaria,INSTITUTO DE HIDROLOGIA METEOROLOGIA Y ESTUDIOS AMBIENTALES,Area Operativa 11 - Cundinamarca-Amazonas,Bogota,"Bogota, D.C",15/12/1988 00:00,,TEMPERATURA,TMX_CON,Temperatura máxima diaria,Diaria,2023-06-24 00:00,21.6,50,,900
21206260,C.UNIV.AGROP-UDCA [21206260],4.7986388890,-74.04972222,2570,Climática Ordinaria,INSTITUTO DE HIDROLOGIA METEOROLOGIA Y ESTUDIOS AMBIENTALES,Area Operativa 11 - Cundinamarca-Amazonas,Bogota,"Bogota, D.C",15/12/1988 00:00,,TEMPERATURA,TMX_CON,Temperatura máxima diaria,Diaria,2023-06-26 00:00,19.6,50,,900
21206260,C.UNIV.AGROP-UDCA [21206260],4.7986388890,-74.04972222,2570,Climática Ordinaria,INSTITUTO DE HIDROLOGIA METEOROLOGIA Y ESTUDIOS AMBIENTALES,Area Operativa 11 - Cundinamarca-Amazonas,Bogota,"Bogota, D.C",15/12/1988 00:00,,TEMPERATURA,TMX_CON,Temperatura máxima diaria,Diaria,2023-06-27 00:00,20.2,50,,900
21206260,C.UNIV.AGROP-UDCA [21206260],4.7986388890,-74.04972222,2570,Climática Ordinaria,INSTITUTO DE HIDROLOGIA METEOROLOGIA Y ESTUDIOS AMBIENTALES,Area Operativa 11 - Cundinamarca-Amazonas,Bogota,"Bogota, D.C",15/12/1988 00:00,,TEMPERATURA,TMX_CON,Temperatura máxima diaria,Diaria,2023-06-28 00:00,21.2,50,,900
21206260,C.UNIV.AGROP-UDCA [21206260],4.7986388890,-74.04972222,2570,Climática Ordinaria,INSTITUTO DE HIDROLOGIA METEOROLOGIA Y ESTUDIOS AMBIENTALES,Area Operativa 11 - Cundinamarca-Amazonas,Bogota,"Bogota, D.C",15/12/1988 00:00,,TEMPERATURA,TMX_CON,Temperatura máxima diaria,Diaria,2023-06-29 00:00,22.4,50,,900
21206260,C.UNIV.AGROP-UDCA [21206260],4.7986388890,-74.04972222,2570,Climática Ordinaria,INSTITUTO DE HIDROLOGIA METEOROLOGIA Y ESTUDIOS AMBIENTALES,Area Operativa 11 - Cundinamarca-Amazonas,Bogota,"Bogota, D.C",15/12/1988 00:00,,TEMPERATURA,TMX_CON,Temperatura máxima diaria,Diaria,2023-07-05 00:00,21,50,,900
21206260,C.UNIV.AGROP-UDCA [21206260],4.7986388890,-74.04972222,2570,Climática Ordinaria,INSTITUTO DE HIDROLOGIA METEOROLOGIA Y ESTUDIOS AMBIENTALES,Area Operativa 11 - Cundinamarca-Amazonas,Bogota,"Bogota, D.C",15/12/1988 00:00,,TEMPERATURA,TMX_CON,Temperatura máxima diaria,Diaria,2023-07-06 00:00,20,50,,900
21206260,C.UNIV.AGROP-UDCA [21206260],4.7986388890,-74.04972222,2570,Climática Ordinaria,INSTITUTO DE HIDROLOGIA METEOROLOGIA Y ESTUDIOS AMBIENTALES,Area Operativa 11 - Cundinamarca-Amazonas,Bogota,"Bogota, D.C",15/12/1988 00:00,,TEMPERATURA,TMX_CON,Temperatura máxima diaria,Diaria,2023-07-07 00:00,21,50,,900
21206260,C.UNIV.AGROP-UDCA [21206260],4.7986388890,-74.04972222,2570,Climática Ordinaria,INSTITUTO DE HIDROLOGIA METEOROLOGIA Y ESTUDIOS AMBIENTALES,Area Operativa 11 - Cundinamarca-Amazonas,Bogota,"Bogota, D.C",15/12/1988 00:00,,TEMPERATURA,TMX_CON,Temperatura máxima diaria,Diaria,2023-07-08 00:00,18,50,,900
21206260,C.UNIV.AGROP-UDCA [21206260],4.7986388890,-74.04972222,2570,Climática Ordinaria,INSTITUTO DE HIDROLOGIA METEOROLOGIA Y ESTUDIOS AMBIENTALES,Area Operativa 11 - Cundinamarca-Amazonas,Bogota,"Bogota, D.C",15/12/1988 00:00,,TEMPERATURA,TMX_CON,Temperatura máxima diaria,Diaria,2023-07-10 00:00,18.6,50,,900
21206260,C.UNIV.AGROP-UDCA [21206260],4.7986388890,-74.04972222,2570,Climática Ordinaria,INSTITUTO DE HIDROLOGIA METEOROLOGIA Y ESTUDIOS AMBIENTALES,Area Operativa 11 - Cundinamarca-Amazonas,Bogota,"Bogota, D.C",15/12/1988 00:00,,TEMPERATURA,TMX_CON,Temperatura máxima diaria,Diaria,2023-07-11 00:00,19,50,,900
21206260,C.UNIV.AGROP-UDCA [21206260],4.7986388890,-74.04972222,2570,Climática Ordinaria,INSTITUTO DE HIDROLOGIA METEOROLOGIA Y ESTUDIOS AMBIENTALES,Area Operativa 11 - Cundinamarca-Amazonas,Bogota,"Bogota, D.C",15/12/1988 00:00,,TEMPERATURA,TMX_CON,Temperatura máxima diaria,Diaria,2023-07-12 00:00,20.2,50,,900
21206260,C.UNIV.AGROP-UDCA [21206260],4.7986388890,-74.04972222,2570,Climática Ordinaria,INSTITUTO DE HIDROLOGIA METEOROLOGIA Y ESTUDIOS AMBIENTALES,Area Operativa 11 - Cundinamarca-Amazonas,Bogota,"Bogota, D.C",15/12/1988 00:00,,TEMPERATURA,TMX_CON,Temperatura máxima diaria,Diaria,2023-07-13 00:00,21.4,50,,900
21206260,C.UNIV.AGROP-UDCA [21206260],4.7986388890,-74.04972222,2570,Climática Ordinaria,INSTITUTO DE HIDROLOGIA METEOROLOGIA Y ESTUDIOS AMBIENTALES,Area Operativa 11 - Cundinamarca-Amazonas,Bogota,"Bogota, D.C",15/12/1988 00:00,,TEMPERATURA,TMX_CON,Temperatura máxima diaria,Diaria,2023-07-14 00:00,17,50,,900
21206260,C.UNIV.AGROP-UDCA [21206260],4.7986388890,-74.04972222,2570,Climática Ordinaria,INSTITUTO DE HIDROLOGIA METEOROLOGIA Y ESTUDIOS AMBIENTALES,Area Operativa 11 - Cundinamarca-Amazonas,Bogota,"Bogota, D.C",15/12/1988 00:00,,TEMPERATURA,TMX_CON,Temperatura máxima diaria,Diaria,2023-07-15 00:00,20,50,,900
21206260,C.UNIV.AGROP-UDCA [21206260],4.7986388890,-74.04972222,2570,Climática Ordinaria,INSTITUTO DE HIDROLOGIA METEOROLOGIA Y ESTUDIOS AMBIENTALES,Area Operativa 11 - Cundinamarca-Amazonas,Bogota,"Bogota, D.C",15/12/1988 00:00,,TEMPERATURA,TMX_CON,Temperatura máxima diaria,Diaria,2023-07-17 00:00,19.4,50,,900
21206260,C.UNIV.AGROP-UDCA [21206260],4.7986388890,-74.04972222,2570,Climática Ordinaria,INSTITUTO DE HIDROLOGIA METEOROLOGIA Y ESTUDIOS AMBIENTALES,Area Operativa 11 - Cundinamarca-Amazonas,Bogota,"Bogota, D.C",15/12/1988 00:00,,TEMPERATURA,TMX_CON,Temperatura máxima diaria,Diaria,2023-07-18 00:00,19.2,50,,900
21206260,C.UNIV.AGROP-UDCA [21206260],4.7986388890,-74.04972222,2570,Climática Ordinaria,INSTITUTO DE HIDROLOGIA METEOROLOGIA Y ESTUDIOS AMBIENTALES,Area Operativa 11 - Cundinamarca-Amazonas,Bogota,"Bogota, D.C",15/12/1988 00:00,,TEMPERATURA,TMX_CON,Temperatura máxima diaria,Diaria,2023-07-19 00:00,19.2,50,,900
21206260,C.UNIV.AGROP-UDCA [21206260],4.7986388890,-74.04972222,2570,Climática Ordinaria,INSTITUTO DE HIDROLOGIA METEOROLOGIA Y ESTUDIOS AMBIENTALES,Area Operativa 11 - Cundinamarca-Amazonas,Bogota,"Bogota, D.C",15/12/1988 00:00,,TEMPERATURA,TMX_CON,Temperatura máxima diaria,Diaria,2023-07-21 00:00,18,50,,900
21206260,C.UNIV.AGROP-UDCA [21206260],4.7986388890,-74.04972222,2570,Climática Ordinaria,INSTITUTO DE HIDROLOGIA METEOROLOGIA Y ESTUDIOS AMBIENTALES,Area Operativa 11 - Cundinamarca-Amazonas,Bogota,"Bogota, D.C",15/12/1988 00:00,,TEMPERATURA,TMX_CON,Temperatura máxima diaria,Diaria,2023-07-22 00:00,19.4,50,,900
21206260,C.UNIV.AGROP-UDCA [21206260],4.7986388890,-74.04972222,2570,Climática Ordinaria,INSTITUTO DE HIDROLOGIA METEOROLOGIA Y ESTUDIOS AMBIENTALES,Area Operativa 11 - Cundinamarca-Amazonas,Bogota,"Bogota, D.C",15/12/1988 00:00,,TEMPERATURA,TMX_CON,Temperatura máxima diaria,Diaria,2023-07-24 00:00,20.4,50,,900
21206260,C.UNIV.AGROP-UDCA [21206260],4.7986388890,-74.04972222,2570,Climática Ordinaria,INSTITUTO DE HIDROLOGIA METEOROLOGIA Y ESTUDIOS AMBIENTALES,Area Operativa 11 - Cundinamarca-Amazonas,Bogota,"Bogota, D.C",15/12/1988 00:00,,TEMPERATURA,TMX_CON,Temperatura máxima diaria,Diaria,2023-07-25 00:00,19.4,50,,900
21206260,C.UNIV.AGROP-UDCA [21206260],4.7986388890,-74.04972222,2570,Climática Ordinaria,INSTITUTO DE HIDROLOGIA METEOROLOGIA Y ESTUDIOS AMBIENTALES,Area Operativa 11 - Cundinamarca-Amazonas,Bogota,"Bogota, D.C",15/12/1988 00:00,,TEMPERATURA,TMX_CON,Temperatura máxima diaria,Diaria,2023-07-26 00:00,22,50,,900
21206260,C.UNIV.AGROP-UDCA [21206260],4.7986388890,-74.04972222,2570,Climática Ordinaria,INSTITUTO DE HIDROLOGIA METEOROLOGIA Y ESTUDIOS AMBIENTALES,Area Operativa 11 - Cundinamarca-Amazonas,Bogota,"Bogota, D.C",15/12/1988 00:00,,TEMPERATURA,TMX_CON,Temperatura máxima diaria,Diaria,2023-07-27 00:00,20.4,50,,900
21206260,C.UNIV.AGROP-UDCA [21206260],4.7986388890,-74.04972222,2570,Climática Ordinaria,INSTITUTO DE HIDROLOGIA METEOROLOGIA Y ESTUDIOS AMBIENTALES,Area Operativa 11 - Cundinamarca-Amazonas,Bogota,"Bogota, D.C",15/12/1988 00:00,,TEMPERATURA,TMX_CON,Temperatura máxima diaria,Diaria,2023-07-28 00:00,20.4,50,,900
21206260,C.UNIV.AGROP-UDCA [21206260],4.7986388890,-74.04972222,2570,Climática Ordinaria,INSTITUTO DE HIDROLOGIA METEOROLOGIA Y ESTUDIOS AMBIENTALES,Area Operativa 11 - Cundinamarca-Amazonas,Bogota,"Bogota, D.C",15/12/1988 00:00,,TEMPERATURA,TMX_CON,Temperatura máxima diaria,Diaria,2023-07-29 00:00,19.6,50,,900
21206260,C.UNIV.AGROP-UDCA [21206260],4.7986388890,-74.04972222,2570,Climática Ordinaria,INSTITUTO DE HIDROLOGIA METEOROLOGIA Y ESTUDIOS AMBIENTALES,Area Operativa 11 - Cundinamarca-Amazonas,Bogota,"Bogota, D.C",15/12/1988 00:00,,TEMPERATURA,TMX_CON,Temperatura máxima diaria,Diaria,2023-07-31 00:00,17.4,50,,900
21206260,C.UNIV.AGROP-UDCA [21206260],4.7986388890,-74.04972222,2570,Climática Ordinaria,INSTITUTO DE HIDROLOGIA METEOROLOGIA Y ESTUDIOS AMBIENTALES,Area Operativa 11 - Cundinamarca-Amazonas,Bogota,"Bogota, D.C",15/12/1988 00:00,,TEMPERATURA,TMX_CON,Temperatura máxima diaria,Diaria,2023-08-01 00:00,17,50,,900
21206260,C.UNIV.AGROP-UDCA [21206260],4.7986388890,-74.04972222,2570,Climática Ordinaria,INSTITUTO DE HIDROLOGIA METEOROLOGIA Y ESTUDIOS AMBIENTALES,Area Operativa 11 - Cundinamarca-Amazonas,Bogota,"Bogota, D.C",15/12/1988 00:00,,TEMPERATURA,TMX_CON,Temperatura máxima diaria,Diaria,2023-08-02 00:00,17.6,50,,900
21206260,C.UNIV.AGROP-UDCA [21206260],4.7986388890,-74.04972222,2570,Climática Ordinaria,INSTITUTO DE HIDROLOGIA METEOROLOGIA Y ESTUDIOS AMBIENTALES,Area Operativa 11 - Cundinamarca-Amazonas,Bogota,"Bogota, D.C",15/12/1988 00:00,,TEMPERATURA,TMX_CON,Temperatura máxima diaria,Diaria,2023-08-03 00:00,19.4,50,,900
21206260,C.UNIV.AGROP-UDCA [21206260],4.7986388890,-74.04972222,2570,Climática Ordinaria,INSTITUTO DE HIDROLOGIA METEOROLOGIA Y ESTUDIOS AMBIENTALES,Area Operativa 11 - Cundinamarca-Amazonas,Bogota,"Bogota, D.C",15/12/1988 00:00,,TEMPERATURA,TMX_CON,Temperatura máxima diaria,Diaria,2023-08-04 00:00,20.2,50,,900
21206260,C.UNIV.AGROP-UDCA [21206260],4.7986388890,-74.04972222,2570,Climática Ordinaria,INSTITUTO DE HIDROLOGIA METEOROLOGIA Y ESTUDIOS AMBIENTALES,Area Operativa 11 - Cundinamarca-Amazonas,Bogota,"Bogota, D.C",15/12/1988 00:00,,TEMPERATURA,TMX_CON,Temperatura máxima diaria,Diaria,2023-08-05 00:00,20,50,,900
21206260,C.UNIV.AGROP-UDCA [21206260],4.7986388890,-74.04972222,2570,Climática Ordinaria,INSTITUTO DE HIDROLOGIA METEOROLOGIA Y ESTUDIOS AMBIENTALES,Area Operativa 11 - Cundinamarca-Amazonas,Bogota,"Bogota, D.C",15/12/1988 00:00,,TEMPERATURA,TMX_CON,Temperatura máxima diaria,Diaria,2023-08-08 00:00,19,50,,900
21206260,C.UNIV.AGROP-UDCA [21206260],4.7986388890,-74.04972222,2570,Climática Ordinaria,INSTITUTO DE HIDROLOGIA METEOROLOGIA Y ESTUDIOS AMBIENTALES,Area Operativa 11 - Cundinamarca-Amazonas,Bogota,"Bogota, D.C",15/12/1988 00:00,,TEMPERATURA,TMX_CON,Temperatura máxima diaria,Diaria,2023-08-09 00:00,17.8,50,,900
21206260,C.UNIV.AGROP-UDCA [21206260],4.7986388890,-74.04972222,2570,Climática Ordinaria,INSTITUTO DE HIDROLOGIA METEOROLOGIA Y ESTUDIOS AMBIENTALES,Area Operativa 11 - Cundinamarca-Amazonas,Bogota,"Bogota, D.C",15/12/1988 00:00,,TEMPERATURA,TMX_CON,Temperatura máxima diaria,Diaria,2023-08-10 00:00,20.8,50,,900
21206260,C.UNIV.AGROP-UDCA [21206260],4.7986388890,-74.04972222,2570,Climática Ordinaria,INSTITUTO DE HIDROLOGIA METEOROLOGIA Y ESTUDIOS AMBIENTALES,Area Operativa 11 - Cundinamarca-Amazonas,Bogota,"Bogota, D.C",15/12/1988 00:00,,TEMPERATURA,TMX_CON,Temperatura máxima diaria,Diaria,2023-08-11 00:00,18.2,50,,900
21206260,C.UNIV.AGROP-UDCA [21206260],4.7986388890,-74.04972222,2570,Climática Ordinaria,INSTITUTO DE HIDROLOGIA METEOROLOGIA Y ESTUDIOS AMBIENTALES,Area Operativa 11 - Cundinamarca-Amazonas,Bogota,"Bogota, D.C",15/12/1988 00:00,,TEMPERATURA,TMX_CON,Temperatura máxima diaria,Diaria,2023-08-12 00:00,19.4,50,,900
21206260,C.UNIV.AGROP-UDCA [21206260],4.7986388890,-74.04972222,2570,Climática Ordinaria,INSTITUTO DE HIDROLOGIA METEOROLOGIA Y ESTUDIOS AMBIENTALES,Area Operativa 11 - Cundinamarca-Amazonas,Bogota,"Bogota, D.C",15/12/1988 00:00,,TEMPERATURA,TMX_CON,Temperatura máxima diaria,Diaria,2023-08-14 00:00,19.6,50,,900
21206260,C.UNIV.AGROP-UDCA [21206260],4.7986388890,-74.04972222,2570,Climática Ordinaria,INSTITUTO DE HIDROLOGIA METEOROLOGIA Y ESTUDIOS AMBIENTALES,Area Operativa 11 - Cundinamarca-Amazonas,Bogota,"Bogota, D.C",15/12/1988 00:00,,TEMPERATURA,TMX_CON,Temperatura máxima diaria,Diaria,2023-08-15 00:00,18.4,50,,900
21206260,C.UNIV.AGROP-UDCA [21206260],4.7986388890,-74.04972222,2570,Climática Ordinaria,INSTITUTO DE HIDROLOGIA METEOROLOGIA Y ESTUDIOS AMBIENTALES,Area Operativa 11 - Cundinamarca-Amazonas,Bogota,"Bogota, D.C",15/12/1988 00:00,,TEMPERATURA,TMX_CON,Temperatura máxima diaria,Diaria,2023-08-16 00:00,20.4,50,,900
21206260,C.UNIV.AGROP-UDCA [21206260],4.7986388890,-74.04972222,2570,Climática Ordinaria,INSTITUTO DE HIDROLOGIA METEOROLOGIA Y ESTUDIOS AMBIENTALES,Area Operativa 11 - Cundinamarca-Amazonas,Bogota,"Bogota, D.C",15/12/1988 00:00,,TEMPERATURA,TMX_CON,Temperatura máxima diaria,Diaria,2023-08-17 00:00,23,50,,900
21206260,C.UNIV.AGROP-UDCA [21206260],4.7986388890,-74.04972222,2570,Climática Ordinaria,INSTITUTO DE HIDROLOGIA METEOROLOGIA Y ESTUDIOS AMBIENTALES,Area Operativa 11 - Cundinamarca-Amazonas,Bogota,"Bogota, D.C",15/12/1988 00:00,,TEMPERATURA,TMX_CON,Temperatura máxima diaria,Diaria,2023-08-18 00:00,22.2,50,,900
21206260,C.UNIV.AGROP-UDCA [21206260],4.7986388890,-74.04972222,2570,Climática Ordinaria,INSTITUTO DE HIDROLOGIA METEOROLOGIA Y ESTUDIOS AMBIENTALES,Area Operativa 11 - Cundinamarca-Amazonas,Bogota,"Bogota, D.C",15/12/1988 00:00,,TEMPERATURA,TMX_CON,Temperatura máxima diaria,Diaria,2023-08-19 00:00,22,50,,900
21206260,C.UNIV.AGROP-UDCA [21206260],4.7986388890,-74.04972222,2570,Climática Ordinaria,INSTITUTO DE HIDROLOGIA METEOROLOGIA Y ESTUDIOS AMBIENTALES,Area Operativa 11 - Cundinamarca-Amazonas,Bogota,"Bogota, D.C",15/12/1988 00:00,,TEMPERATURA,TMX_CON,Temperatura máxima diaria,Diaria,2023-08-22 00:00,18.6,50,,900
21206260,C.UNIV.AGROP-UDCA [21206260],4.7986388890,-74.04972222,2570,Climática Ordinaria,INSTITUTO DE HIDROLOGIA METEOROLOGIA Y ESTUDIOS AMBIENTALES,Area Operativa 11 - Cundinamarca-Amazonas,Bogota,"Bogota, D.C",15/12/1988 00:00,,TEMPERATURA,TMX_CON,Temperatura máxima diaria,Diaria,2023-08-23 00:00,22.8,50,,900
21206260,C.UNIV.AGROP-UDCA [21206260],4.7986388890,-74.04972222,2570,Climática Ordinaria,INSTITUTO DE HIDROLOGIA METEOROLOGIA Y ESTUDIOS AMBIENTALES,Area Operativa 11 - Cundinamarca-Amazonas,Bogota,"Bogota, D.C",15/12/1988 00:00,,TEMPERATURA,TMX_CON,Temperatura máxima diaria,Diaria,2023-08-24 00:00,20,50,,900
21206260,C.UNIV.AGROP-UDCA [21206260],4.7986388890,-74.04972222,2570,Climática Ordinaria,INSTITUTO DE HIDROLOGIA METEOROLOGIA Y ESTUDIOS AMBIENTALES,Area Operativa 11 - Cundinamarca-Amazonas,Bogota,"Bogota, D.C",15/12/1988 00:00,,TEMPERATURA,TMX_CON,Temperatura máxima diaria,Diaria,2023-08-25 00:00,19,50,,900
21206260,C.UNIV.AGROP-UDCA [21206260],4.7986388890,-74.04972222,2570,Climática Ordinaria,INSTITUTO DE HIDROLOGIA METEOROLOGIA Y ESTUDIOS AMBIENTALES,Area Operativa 11 - Cundinamarca-Amazonas,Bogota,"Bogota, D.C",15/12/1988 00:00,,TEMPERATURA,TMX_CON,Temperatura máxima diaria,Diaria,2023-08-26 00:00,21.4,50,,900
21206260,C.UNIV.AGROP-UDCA [21206260],4.7986388890,-74.04972222,2570,Climática Ordinaria,INSTITUTO DE HIDROLOGIA METEOROLOGIA Y ESTUDIOS AMBIENTALES,Area Operativa 11 - Cundinamarca-Amazonas,Bogota,"Bogota, D.C",15/12/1988 00:00,,TEMPERATURA,TMX_CON,Temperatura máxima diaria,Diaria,2023-08-28 00:00,20,50,,900
21206260,C.UNIV.AGROP-UDCA [21206260],4.7986388890,-74.04972222,2570,Climática Ordinaria,INSTITUTO DE HIDROLOGIA METEOROLOGIA Y ESTUDIOS AMBIENTALES,Area Operativa 11 - Cundinamarca-Amazonas,Bogota,"Bogota, D.C",15/12/1988 00:00,,TEMPERATURA,TMX_CON,Temperatura máxima diaria,Diaria,2023-08-29 00:00,21,50,,900
21206260,C.UNIV.AGROP-UDCA [21206260],4.7986388890,-74.04972222,2570,Climática Ordinaria,INSTITUTO DE HIDROLOGIA METEOROLOGIA Y ESTUDIOS AMBIENTALES,Area Operativa 11 - Cundinamarca-Amazonas,Bogota,"Bogota, D.C",15/12/1988 00:00,,TEMPERATURA,TMX_CON,Temperatura máxima diaria,Diaria,2023-08-30 00:00,18.8,50,,900
21206260,C.UNIV.AGROP-UDCA [21206260],4.7986388890,-74.04972222,2570,Climática Ordinaria,INSTITUTO DE HIDROLOGIA METEOROLOGIA Y ESTUDIOS AMBIENTALES,Area Operativa 11 - Cundinamarca-Amazonas,Bogota,"Bogota, D.C",15/12/1988 00:00,,TEMPERATURA,TMX_CON,Temperatura máxima diaria,Diaria,2023-08-31 00:00,20.6,50,,900
21206260,C.UNIV.AGROP-UDCA [21206260],4.7986388890,-74.04972222,2570,Climática Ordinaria,INSTITUTO DE HIDROLOGIA METEOROLOGIA Y ESTUDIOS AMBIENTALES,Area Operativa 11 - Cundinamarca-Amazonas,Bogota,"Bogota, D.C",15/12/1988 00:00,,TEMPERATURA,TMX_CON,Temperatura máxima diaria,Diaria,2023-09-01 00:00,21.6,50,,900
21206260,C.UNIV.AGROP-UDCA [21206260],4.7986388890,-74.04972222,2570,Climática Ordinaria,INSTITUTO DE HIDROLOGIA METEOROLOGIA Y ESTUDIOS AMBIENTALES,Area Operativa 11 - Cundinamarca-Amazonas,Bogota,"Bogota, D.C",15/12/1988 00:00,,TEMPERATURA,TMX_CON,Temperatura máxima diaria,Diaria,2023-09-02 00:00,22.4,50,,900
21206260,C.UNIV.AGROP-UDCA [21206260],4.7986388890,-74.04972222,2570,Climática Ordinaria,INSTITUTO DE HIDROLOGIA METEOROLOGIA Y ESTUDIOS AMBIENTALES,Area Operativa 11 - Cundinamarca-Amazonas,Bogota,"Bogota, D.C",15/12/1988 00:00,,TEMPERATURA,TMX_CON,Temperatura máxima diaria,Diaria,2023-09-04 00:00,20.4,50,,900
21206260,C.UNIV.AGROP-UDCA [21206260],4.7986388890,-74.04972222,2570,Climática Ordinaria,INSTITUTO DE HIDROLOGIA METEOROLOGIA Y ESTUDIOS AMBIENTALES,Area Operativa 11 - Cundinamarca-Amazonas,Bogota,"Bogota, D.C",15/12/1988 00:00,,TEMPERATURA,TMX_CON,Temperatura máxima diaria,Diaria,2023-09-05 00:00,20.2,50,,900
21206260,C.UNIV.AGROP-UDCA [21206260],4.7986388890,-74.04972222,2570,Climática Ordinaria,INSTITUTO DE HIDROLOGIA METEOROLOGIA Y ESTUDIOS AMBIENTALES,Area Operativa 11 - Cundinamarca-Amazonas,Bogota,"Bogota, D.C",15/12/1988 00:00,,TEMPERATURA,TMX_CON,Temperatura máxima diaria,Diaria,2023-09-06 00:00,20.4,50,,900
21206260,C.UNIV.AGROP-UDCA [21206260],4.7986388890,-74.04972222,2570,Climática Ordinaria,INSTITUTO DE HIDROLOGIA METEOROLOGIA Y ESTUDIOS AMBIENTALES,Area Operativa 11 - Cundinamarca-Amazonas,Bogota,"Bogota, D.C",15/12/1988 00:00,,TEMPERATURA,TMX_CON,Temperatura máxima diaria,Diaria,2023-09-07 00:00,17.8,50,,900
21206260,C.UNIV.AGROP-UDCA [21206260],4.7986388890,-74.04972222,2570,Climática Ordinaria,INSTITUTO DE HIDROLOGIA METEOROLOGIA Y ESTUDIOS AMBIENTALES,Area Operativa 11 - Cundinamarca-Amazonas,Bogota,"Bogota, D.C",15/12/1988 00:00,,TEMPERATURA,TMX_CON,Temperatura máxima diaria,Diaria,2023-09-08 00:00,19,50,,900
21206260,C.UNIV.AGROP-UDCA [21206260],4.7986388890,-74.04972222,2570,Climática Ordinaria,INSTITUTO DE HIDROLOGIA METEOROLOGIA Y ESTUDIOS AMBIENTALES,Area Operativa 11 - Cundinamarca-Amazonas,Bogota,"Bogota, D.C",15/12/1988 00:00,,TEMPERATURA,TMX_CON,Temperatura máxima diaria,Diaria,2023-09-09 00:00,19.2,50,,900
21206260,C.UNIV.AGROP-UDCA [21206260],4.7986388890,-74.04972222,2570,Climática Ordinaria,INSTITUTO DE HIDROLOGIA METEOROLOGIA Y ESTUDIOS AMBIENTALES,Area Operativa 11 - Cundinamarca-Amazonas,Bogota,"Bogota, D.C",15/12/1988 00:00,,TEMPERATURA,TMX_CON,Temperatura máxima diaria,Diaria,2023-09-11 00:00,22,50,,900
21206260,C.UNIV.AGROP-UDCA [21206260],4.7986388890,-74.04972222,2570,Climática Ordinaria,INSTITUTO DE HIDROLOGIA METEOROLOGIA Y ESTUDIOS AMBIENTALES,Area Operativa 11 - Cundinamarca-Amazonas,Bogota,"Bogota, D.C",15/12/1988 00:00,,TEMPERATURA,TMX_CON,Temperatura máxima diaria,Diaria,2023-09-12 00:00,19.6,50,,900
21206260,C.UNIV.AGROP-UDCA [21206260],4.7986388890,-74.04972222,2570,Climática Ordinaria,INSTITUTO DE HIDROLOGIA METEOROLOGIA Y ESTUDIOS AMBIENTALES,Area Operativa 11 - Cundinamarca-Amazonas,Bogota,"Bogota, D.C",15/12/1988 00:00,,TEMPERATURA,TMX_CON,Temperatura máxima diaria,Diaria,2023-09-13 00:00,21.2,50,,900
21206260,C.UNIV.AGROP-UDCA [21206260],4.7986388890,-74.04972222,2570,Climática Ordinaria,INSTITUTO DE HIDROLOGIA METEOROLOGIA Y ESTUDIOS AMBIENTALES,Area Operativa 11 - Cundinamarca-Amazonas,Bogota,"Bogota, D.C",15/12/1988 00:00,,TEMPERATURA,TMX_CON,Temperatura máxima diaria,Diaria,2023-09-14 00:00,19,50,,900
21206260,C.UNIV.AGROP-UDCA [21206260],4.7986388890,-74.04972222,2570,Climática Ordinaria,INSTITUTO DE HIDROLOGIA METEOROLOGIA Y ESTUDIOS AMBIENTALES,Area Operativa 11 - Cundinamarca-Amazonas,Bogota,"Bogota, D.C",15/12/1988 00:00,,TEMPERATURA,TMX_CON,Temperatura máxima diaria,Diaria,2023-09-15 00:00,19.4,50,,900
21206260,C.UNIV.AGROP-UDCA [21206260],4.7986388890,-74.04972222,2570,Climática Ordinaria,INSTITUTO DE HIDROLOGIA METEOROLOGIA Y ESTUDIOS AMBIENTALES,Area Operativa 11 - Cundinamarca-Amazonas,Bogota,"Bogota, D.C",15/12/1988 00:00,,TEMPERATURA,TMX_CON,Temperatura máxima diaria,Diaria,2023-09-16 00:00,19.6,50,,900
21206260,C.UNIV.AGROP-UDCA [21206260],4.7986388890,-74.04972222,2570,Climática Ordinaria,INSTITUTO DE HIDROLOGIA METEOROLOGIA Y ESTUDIOS AMBIENTALES,Area Operativa 11 - Cundinamarca-Amazonas,Bogota,"Bogota, D.C",15/12/1988 00:00,,TEMPERATURA,TMX_CON,Temperatura máxima diaria,Diaria,2023-09-18 00:00,18,50,,900
21206260,C.UNIV.AGROP-UDCA [21206260],4.7986388890,-74.04972222,2570,Climática Ordinaria,INSTITUTO DE HIDROLOGIA METEOROLOGIA Y ESTUDIOS AMBIENTALES,Area Operativa 11 - Cundinamarca-Amazonas,Bogota,"Bogota, D.C",15/12/1988 00:00,,TEMPERATURA,TMX_CON,Temperatura máxima diaria,Diaria,2023-09-19 00:00,18.4,50,,900
21206260,C.UNIV.AGROP-UDCA [21206260],4.7986388890,-74.04972222,2570,Climática Ordinaria,INSTITUTO DE HIDROLOGIA METEOROLOGIA Y ESTUDIOS AMBIENTALES,Area Operativa 11 - Cundinamarca-Amazonas,Bogota,"Bogota, D.C",15/12/1988 00:00,,TEMPERATURA,TMX_CON,Temperatura máxima diaria,Diaria,2023-09-20 00:00,18.2,50,,900
21206260,C.UNIV.AGROP-UDCA [21206260],4.7986388890,-74.04972222,2570,Climática Ordinaria,INSTITUTO DE HIDROLOGIA METEOROLOGIA Y ESTUDIOS AMBIENTALES,Area Operativa 11 - Cundinamarca-Amazonas,Bogota,"Bogota, D.C",15/12/1988 00:00,,TEMPERATURA,TMX_CON,Temperatura máxima diaria,Diaria,2023-09-21 00:00,21.6,50,,900
21206260,C.UNIV.AGROP-UDCA [21206260],4.7986388890,-74.04972222,2570,Climática Ordinaria,INSTITUTO DE HIDROLOGIA METEOROLOGIA Y ESTUDIOS AMBIENTALES,Area Operativa 11 - Cundinamarca-Amazonas,Bogota,"Bogota, D.C",15/12/1988 00:00,,TEMPERATURA,TMX_CON,Temperatura máxima diaria,Diaria,2023-09-22 00:00,24.4,50,,900
21206260,C.UNIV.AGROP-UDCA [21206260],4.7986388890,-74.04972222,2570,Climática Ordinaria,INSTITUTO DE HIDROLOGIA METEOROLOGIA Y ESTUDIOS AMBIENTALES,Area Operativa 11 - Cundinamarca-Amazonas,Bogota,"Bogota, D.C",15/12/1988 00:00,,TEMPERATURA,TMX_CON,Temperatura máxima diaria,Diaria,2023-09-23 00:00,21.6,50,,900
21206260,C.UNIV.AGROP-UDCA [21206260],4.7986388890,-74.04972222,2570,Climática Ordinaria,INSTITUTO DE HIDROLOGIA METEOROLOGIA Y ESTUDIOS AMBIENTALES,Area Operativa 11 - Cundinamarca-Amazonas,Bogota,"Bogota, D.C",15/12/1988 00:00,,TEMPERATURA,TMX_CON,Temperatura máxima diaria,Diaria,2023-09-25 00:00,21,50,,900
21206260,C.UNIV.AGROP-UDCA [21206260],4.7986388890,-74.04972222,2570,Climática Ordinaria,INSTITUTO DE HIDROLOGIA METEOROLOGIA Y ESTUDIOS AMBIENTALES,Area Operativa 11 - Cundinamarca-Amazonas,Bogota,"Bogota, D.C",15/12/1988 00:00,,TEMPERATURA,TMX_CON,Temperatura máxima diaria,Diaria,2023-09-27 00:00,24.2,50,,900
21206260,C.UNIV.AGROP-UDCA [21206260],4.7986388890,-74.04972222,2570,Climática Ordinaria,INSTITUTO DE HIDROLOGIA METEOROLOGIA Y ESTUDIOS AMBIENTALES,Area Operativa 11 - Cundinamarca-Amazonas,Bogota,"Bogota, D.C",15/12/1988 00:00,,TEMPERATURA,TMX_CON,Temperatura máxima diaria,Diaria,2023-09-28 00:00,22,50,,900
21206260,C.UNIV.AGROP-UDCA [21206260],4.7986388890,-74.04972222,2570,Climática Ordinaria,INSTITUTO DE HIDROLOGIA METEOROLOGIA Y ESTUDIOS AMBIENTALES,Area Operativa 11 - Cundinamarca-Amazonas,Bogota,"Bogota, D.C",15/12/1988 00:00,,TEMPERATURA,TMX_CON,Temperatura máxima diaria,Diaria,2023-09-29 00:00,20.6,50,,900
21206260,C.UNIV.AGROP-UDCA [21206260],4.7986388890,-74.04972222,2570,Climática Ordinaria,INSTITUTO DE HIDROLOGIA METEOROLOGIA Y ESTUDIOS AMBIENTALES,Area Operativa 11 - Cundinamarca-Amazonas,Bogota,"Bogota, D.C",15/12/1988 00:00,,TEMPERATURA,TMX_CON,Temperatura máxima diaria,Diaria,2023-09-30 00:00,23,50,,900
21206260,C.UNIV.AGROP-UDCA [21206260],4.7986388890,-74.04972222,2570,Climática Ordinaria,INSTITUTO DE HIDROLOGIA METEOROLOGIA Y ESTUDIOS AMBIENTALES,Area Operativa 11 - Cundinamarca-Amazonas,Bogota,"Bogota, D.C",15/12/1988 00:00,,TEMPERATURA,TMX_CON,Temperatura máxima diaria,Diaria,2023-10-01 00:00,23,50,,900
21206260,C.UNIV.AGROP-UDCA [21206260],4.7986388890,-74.04972222,2570,Climática Ordinaria,INSTITUTO DE HIDROLOGIA METEOROLOGIA Y ESTUDIOS AMBIENTALES,Area Operativa 11 - Cundinamarca-Amazonas,Bogota,"Bogota, D.C",15/12/1988 00:00,,TEMPERATURA,TMX_CON,Temperatura máxima diaria,Diaria,2023-10-02 00:00,22.2,50,,900
21206260,C.UNIV.AGROP-UDCA [21206260],4.7986388890,-74.04972222,2570,Climática Ordinaria,INSTITUTO DE HIDROLOGIA METEOROLOGIA Y ESTUDIOS AMBIENTALES,Area Operativa 11 - Cundinamarca-Amazonas,Bogota,"Bogota, D.C",15/12/1988 00:00,,TEMPERATURA,TMX_CON,Temperatura máxima diaria,Diaria,2023-10-03 00:00,22,50,,900
21206260,C.UNIV.AGROP-UDCA [21206260],4.7986388890,-74.04972222,2570,Climática Ordinaria,INSTITUTO DE HIDROLOGIA METEOROLOGIA Y ESTUDIOS AMBIENTALES,Area Operativa 11 - Cundinamarca-Amazonas,Bogota,"Bogota, D.C",15/12/1988 00:00,,TEMPERATURA,TMX_CON,Temperatura máxima diaria,Diaria,2023-10-04 00:00,21.2,50,,900
21206260,C.UNIV.AGROP-UDCA [21206260],4.7986388890,-74.04972222,2570,Climática Ordinaria,INSTITUTO DE HIDROLOGIA METEOROLOGIA Y ESTUDIOS AMBIENTALES,Area Operativa 11 - Cundinamarca-Amazonas,Bogota,"Bogota, D.C",15/12/1988 00:00,,TEMPERATURA,TMX_CON,Temperatura máxima diaria,Diaria,2023-10-05 00:00,22,50,,900
21206260,C.UNIV.AGROP-UDCA [21206260],4.7986388890,-74.04972222,2570,Climática Ordinaria,INSTITUTO DE HIDROLOGIA METEOROLOGIA Y ESTUDIOS AMBIENTALES,Area Operativa 11 - Cundinamarca-Amazonas,Bogota,"Bogota, D.C",15/12/1988 00:00,,TEMPERATURA,TMX_CON,Temperatura máxima diaria,Diaria,2023-10-08 00:00,22.6,50,,900
21206260,C.UNIV.AGROP-UDCA [21206260],4.7986388890,-74.04972222,2570,Climática Ordinaria,INSTITUTO DE HIDROLOGIA METEOROLOGIA Y ESTUDIOS AMBIENTALES,Area Operativa 11 - Cundinamarca-Amazonas,Bogota,"Bogota, D.C",15/12/1988 00:00,,TEMPERATURA,TMX_CON,Temperatura máxima diaria,Diaria,2023-10-09 00:00,21,50,,900
21206260,C.UNIV.AGROP-UDCA [21206260],4.7986388890,-74.04972222,2570,Climática Ordinaria,INSTITUTO DE HIDROLOGIA METEOROLOGIA Y ESTUDIOS AMBIENTALES,Area Operativa 11 - Cundinamarca-Amazonas,Bogota,"Bogota, D.C",15/12/1988 00:00,,TEMPERATURA,TMX_CON,Temperatura máxima diaria,Diaria,2023-10-10 00:00,19.2,50,,900
21206260,C.UNIV.AGROP-UDCA [21206260],4.7986388890,-74.04972222,2570,Climática Ordinaria,INSTITUTO DE HIDROLOGIA METEOROLOGIA Y ESTUDIOS AMBIENTALES,Area Operativa 11 - Cundinamarca-Amazonas,Bogota,"Bogota, D.C",15/12/1988 00:00,,TEMPERATURA,TMX_CON,Temperatura máxima diaria,Diaria,2023-10-11 00:00,19.6,50,,900
21206260,C.UNIV.AGROP-UDCA [21206260],4.7986388890,-74.04972222,2570,Climática Ordinaria,INSTITUTO DE HIDROLOGIA METEOROLOGIA Y ESTUDIOS AMBIENTALES,Area Operativa 11 - Cundinamarca-Amazonas,Bogota,"Bogota, D.C",15/12/1988 00:00,,TEMPERATURA,TMX_CON,Temperatura máxima diaria,Diaria,2023-10-16 00:00,22.4,50,,900
21206260,C.UNIV.AGROP-UDCA [21206260],4.7986388890,-74.04972222,2570,Climática Ordinaria,INSTITUTO DE HIDROLOGIA METEOROLOGIA Y ESTUDIOS AMBIENTALES,Area Operativa 11 - Cundinamarca-Amazonas,Bogota,"Bogota, D.C",15/12/1988 00:00,,TEMPERATURA,TMX_CON,Temperatura máxima diaria,Diaria,2023-10-17 00:00,21.2,50,,900
21206260,C.UNIV.AGROP-UDCA [21206260],4.7986388890,-74.04972222,2570,Climática Ordinaria,INSTITUTO DE HIDROLOGIA METEOROLOGIA Y ESTUDIOS AMBIENTALES,Area Operativa 11 - Cundinamarca-Amazonas,Bogota,"Bogota, D.C",15/12/1988 00:00,,TEMPERATURA,TMX_CON,Temperatura máxima diaria,Diaria,2023-10-18 00:00,21.6,50,,900
21206260,C.UNIV.AGROP-UDCA [21206260],4.7986388890,-74.04972222,2570,Climática Ordinaria,INSTITUTO DE HIDROLOGIA METEOROLOGIA Y ESTUDIOS AMBIENTALES,Area Operativa 11 - Cundinamarca-Amazonas,Bogota,"Bogota, D.C",15/12/1988 00:00,,TEMPERATURA,TMX_CON,Temperatura máxima diaria,Diaria,2023-10-19 00:00,19.2,50,,900
21206260,C.UNIV.AGROP-UDCA [21206260],4.7986388890,-74.04972222,2570,Climática Ordinaria,INSTITUTO DE HIDROLOGIA METEOROLOGIA Y ESTUDIOS AMBIENTALES,Area Operativa 11 - Cundinamarca-Amazonas,Bogota,"Bogota, D.C",15/12/1988 00:00,,TEMPERATURA,TMX_CON,Temperatura máxima diaria,Diaria,2023-10-20 00:00,20.2,50,,900
21206260,C.UNIV.AGROP-UDCA [21206260],4.7986388890,-74.04972222,2570,Climática Ordinaria,INSTITUTO DE HIDROLOGIA METEOROLOGIA Y ESTUDIOS AMBIENTALES,Area Operativa 11 - Cundinamarca-Amazonas,Bogota,"Bogota, D.C",15/12/1988 00:00,,TEMPERATURA,TMX_CON,Temperatura máxima diaria,Diaria,2023-10-22 00:00,20.2,50,,900
21206260,C.UNIV.AGROP-UDCA [21206260],4.7986388890,-74.04972222,2570,Climática Ordinaria,INSTITUTO DE HIDROLOGIA METEOROLOGIA Y ESTUDIOS AMBIENTALES,Area Operativa 11 - Cundinamarca-Amazonas,Bogota,"Bogota, D.C",15/12/1988 00:00,,TEMPERATURA,TMX_CON,Temperatura máxima diaria,Diaria,2023-10-23 00:00,23.8,50,,900
21206260,C.UNIV.AGROP-UDCA [21206260],4.7986388890,-74.04972222,2570,Climática Ordinaria,INSTITUTO DE HIDROLOGIA METEOROLOGIA Y ESTUDIOS AMBIENTALES,Area Operativa 11 - Cundinamarca-Amazonas,Bogota,"Bogota, D.C",15/12/1988 00:00,,TEMPERATURA,TMX_CON,Temperatura máxima diaria,Diaria,2023-10-24 00:00,22,50,,900
21206260,C.UNIV.AGROP-UDCA [21206260],4.7986388890,-74.04972222,2570,Climática Ordinaria,INSTITUTO DE HIDROLOGIA METEOROLOGIA Y ESTUDIOS AMBIENTALES,Area Operativa 11 - Cundinamarca-Amazonas,Bogota,"Bogota, D.C",15/12/1988 00:00,,TEMPERATURA,TMX_CON,Temperatura máxima diaria,Diaria,2023-10-25 00:00,20.8,50,,900
21206260,C.UNIV.AGROP-UDCA [21206260],4.7986388890,-74.04972222,2570,Climática Ordinaria,INSTITUTO DE HIDROLOGIA METEOROLOGIA Y ESTUDIOS AMBIENTALES,Area Operativa 11 - Cundinamarca-Amazonas,Bogota,"Bogota, D.C",15/12/1988 00:00,,TEMPERATURA,TMX_CON,Temperatura máxima diaria,Diaria,2023-10-26 00:00,19.2,50,,900
21206260,C.UNIV.AGROP-UDCA [21206260],4.7986388890,-74.04972222,2570,Climática Ordinaria,INSTITUTO DE HIDROLOGIA METEOROLOGIA Y ESTUDIOS AMBIENTALES,Area Operativa 11 - Cundinamarca-Amazonas,Bogota,"Bogota, D.C",15/12/1988 00:00,,TEMPERATURA,TMX_CON,Temperatura máxima diaria,Diaria,2023-10-27 00:00,19.4,50,,900
21206260,C.UNIV.AGROP-UDCA [21206260],4.7986388890,-74.04972222,2570,Climática Ordinaria,INSTITUTO DE HIDROLOGIA METEOROLOGIA Y ESTUDIOS AMBIENTALES,Area Operativa 11 - Cundinamarca-Amazonas,Bogota,"Bogota, D.C",15/12/1988 00:00,,TEMPERATURA,TMX_CON,Temperatura máxima diaria,Diaria,2023-10-29 00:00,21.4,50,,900
21206260,C.UNIV.AGROP-UDCA [21206260],4.7986388890,-74.04972222,2570,Climática Ordinaria,INSTITUTO DE HIDROLOGIA METEOROLOGIA Y ESTUDIOS AMBIENTALES,Area Operativa 11 - Cundinamarca-Amazonas,Bogota,"Bogota, D.C",15/12/1988 00:00,,TEMPERATURA,TMX_CON,Temperatura máxima diaria,Diaria,2023-10-30 00:00,22,50,,900
21206260,C.UNIV.AGROP-UDCA [21206260],4.7986388890,-74.04972222,2570,Climática Ordinaria,INSTITUTO DE HIDROLOGIA METEOROLOGIA Y ESTUDIOS AMBIENTALES,Area Operativa 11 - Cundinamarca-Amazonas,Bogota,"Bogota, D.C",15/12/1988 00:00,,TEMPERATURA,TMX_CON,Temperatura máxima diaria,Diaria,2023-10-31 00:00,21.6,50,,900
21206260,C.UNIV.AGROP-UDCA [21206260],4.7986388890,-74.04972222,2570,Climática Ordinaria,INSTITUTO DE HIDROLOGIA METEOROLOGIA Y ESTUDIOS AMBIENTALES,Area Operativa 11 - Cundinamarca-Amazonas,Bogota,"Bogota, D.C",15/12/1988 00:00,,TEMPERATURA,TMX_CON,Temperatura máxima diaria,Diaria,2023-11-01 00:00,21.4,50,,900
21206260,C.UNIV.AGROP-UDCA [21206260],4.7986388890,-74.04972222,2570,Climática Ordinaria,INSTITUTO DE HIDROLOGIA METEOROLOGIA Y ESTUDIOS AMBIENTALES,Area Operativa 11 - Cundinamarca-Amazonas,Bogota,"Bogota, D.C",15/12/1988 00:00,,TEMPERATURA,TMX_CON,Temperatura máxima diaria,Diaria,2023-11-02 00:00,19,50,,900
21206260,C.UNIV.AGROP-UDCA [21206260],4.7986388890,-74.04972222,2570,Climática Ordinaria,INSTITUTO DE HIDROLOGIA METEOROLOGIA Y ESTUDIOS AMBIENTALES,Area Operativa 11 - Cundinamarca-Amazonas,Bogota,"Bogota, D.C",15/12/1988 00:00,,TEMPERATURA,TMX_CON,Temperatura máxima diaria,Diaria,2023-11-03 00:00,21.2,50,,900
21206260,C.UNIV.AGROP-UDCA [21206260],4.7986388890,-74.04972222,2570,Climática Ordinaria,INSTITUTO DE HIDROLOGIA METEOROLOGIA Y ESTUDIOS AMBIENTALES,Area Operativa 11 - Cundinamarca-Amazonas,Bogota,"Bogota, D.C",15/12/1988 00:00,,TEMPERATURA,TMX_CON,Temperatura máxima diaria,Diaria,2023-11-06 00:00,20,50,,900
21206260,C.UNIV.AGROP-UDCA [21206260],4.7986388890,-74.04972222,2570,Climática Ordinaria,INSTITUTO DE HIDROLOGIA METEOROLOGIA Y ESTUDIOS AMBIENTALES,Area Operativa 11 - Cundinamarca-Amazonas,Bogota,"Bogota, D.C",15/12/1988 00:00,,TEMPERATURA,TMX_CON,Temperatura máxima diaria,Diaria,2023-11-07 00:00,20.2,50,,900
21206260,C.UNIV.AGROP-UDCA [21206260],4.7986388890,-74.04972222,2570,Climática Ordinaria,INSTITUTO DE HIDROLOGIA METEOROLOGIA Y ESTUDIOS AMBIENTALES,Area Operativa 11 - Cundinamarca-Amazonas,Bogota,"Bogota, D.C",15/12/1988 00:00,,TEMPERATURA,TMX_CON,Temperatura máxima diaria,Diaria,2023-11-08 00:00,21.2,50,,900
21206260,C.UNIV.AGROP-UDCA [21206260],4.7986388890,-74.04972222,2570,Climática Ordinaria,INSTITUTO DE HIDROLOGIA METEOROLOGIA Y ESTUDIOS AMBIENTALES,Area Operativa 11 - Cundinamarca-Amazonas,Bogota,"Bogota, D.C",15/12/1988 00:00,,TEMPERATURA,TMX_CON,Temperatura máxima diaria,Diaria,2023-11-09 00:00,21,50,,900
21206260,C.UNIV.AGROP-UDCA [21206260],4.7986388890,-74.04972222,2570,Climática Ordinaria,INSTITUTO DE HIDROLOGIA METEOROLOGIA Y ESTUDIOS AMBIENTALES,Area Operativa 11 - Cundinamarca-Amazonas,Bogota,"Bogota, D.C",15/12/1988 00:00,,TEMPERATURA,TMX_CON,Temperatura máxima diaria,Diaria,2023-11-10 00:00,20.8,50,,900
21206260,C.UNIV.AGROP-UDCA [21206260],4.7986388890,-74.04972222,2570,Climática Ordinaria,INSTITUTO DE HIDROLOGIA METEOROLOGIA Y ESTUDIOS AMBIENTALES,Area Operativa 11 - Cundinamarca-Amazonas,Bogota,"Bogota, D.C",15/12/1988 00:00,,TEMPERATURA,TMX_CON,Temperatura máxima diaria,Diaria,2023-11-13 00:00,22,50,,900
21206260,C.UNIV.AGROP-UDCA [21206260],4.7986388890,-74.04972222,2570,Climática Ordinaria,INSTITUTO DE HIDROLOGIA METEOROLOGIA Y ESTUDIOS AMBIENTALES,Area Operativa 11 - Cundinamarca-Amazonas,Bogota,"Bogota, D.C",15/12/1988 00:00,,TEMPERATURA,TMX_CON,Temperatura máxima diaria,Diaria,2023-11-14 00:00,21.8,50,,900
21206260,C.UNIV.AGROP-UDCA [21206260],4.7986388890,-74.04972222,2570,Climática Ordinaria,INSTITUTO DE HIDROLOGIA METEOROLOGIA Y ESTUDIOS AMBIENTALES,Area Operativa 11 - Cundinamarca-Amazonas,Bogota,"Bogota, D.C",15/12/1988 00:00,,TEMPERATURA,TMX_CON,Temperatura máxima diaria,Diaria,2023-11-15 00:00,21,50,,900
21206260,C.UNIV.AGROP-UDCA [21206260],4.7986388890,-74.04972222,2570,Climática Ordinaria,INSTITUTO DE HIDROLOGIA METEOROLOGIA Y ESTUDIOS AMBIENTALES,Area Operativa 11 - Cundinamarca-Amazonas,Bogota,"Bogota, D.C",15/12/1988 00:00,,TEMPERATURA,TMX_CON,Temperatura máxima diaria,Diaria,2023-11-16 00:00,22.2,50,,900
21206260,C.UNIV.AGROP-UDCA [21206260],4.7986388890,-74.04972222,2570,Climática Ordinaria,INSTITUTO DE HIDROLOGIA METEOROLOGIA Y ESTUDIOS AMBIENTALES,Area Operativa 11 - Cundinamarca-Amazonas,Bogota,"Bogota, D.C",15/12/1988 00:00,,TEMPERATURA,TMX_CON,Temperatura máxima diaria,Diaria,2023-11-17 00:00,23.2,50,,900
21206260,C.UNIV.AGROP-UDCA [21206260],4.7986388890,-74.04972222,2570,Climática Ordinaria,INSTITUTO DE HIDROLOGIA METEOROLOGIA Y ESTUDIOS AMBIENTALES,Area Operativa 11 - Cundinamarca-Amazonas,Bogota,"Bogota, D.C",15/12/1988 00:00,,TEMPERATURA,TMX_CON,Temperatura máxima diaria,Diaria,2023-11-19 00:00,21,50,,900
21206260,C.UNIV.AGROP-UDCA [21206260],4.7986388890,-74.04972222,2570,Climática Ordinaria,INSTITUTO DE HIDROLOGIA METEOROLOGIA Y ESTUDIOS AMBIENTALES,Area Operativa 11 - Cundinamarca-Amazonas,Bogota,"Bogota, D.C",15/12/1988 00:00,,TEMPERATURA,TMX_CON,Temperatura máxima diaria,Diaria,2023-11-20 00:00,21.8,50,,900
21206260,C.UNIV.AGROP-UDCA [21206260],4.7986388890,-74.04972222,2570,Climática Ordinaria,INSTITUTO DE HIDROLOGIA METEOROLOGIA Y ESTUDIOS AMBIENTALES,Area Operativa 11 - Cundinamarca-Amazonas,Bogota,"Bogota, D.C",15/12/1988 00:00,,TEMPERATURA,TMX_CON,Temperatura máxima diaria,Diaria,2023-11-21 00:00,23.6,50,,900
21206260,C.UNIV.AGROP-UDCA [21206260],4.7986388890,-74.04972222,2570,Climática Ordinaria,INSTITUTO DE HIDROLOGIA METEOROLOGIA Y ESTUDIOS AMBIENTALES,Area Operativa 11 - Cundinamarca-Amazonas,Bogota,"Bogota, D.C",15/12/1988 00:00,,TEMPERATURA,TMX_CON,Temperatura máxima diaria,Diaria,2023-11-22 00:00,22,50,,900
21206260,C.UNIV.AGROP-UDCA [21206260],4.7986388890,-74.04972222,2570,Climática Ordinaria,INSTITUTO DE HIDROLOGIA METEOROLOGIA Y ESTUDIOS AMBIENTALES,Area Operativa 11 - Cundinamarca-Amazonas,Bogota,"Bogota, D.C",15/12/1988 00:00,,TEMPERATURA,TMX_CON,Temperatura máxima diaria,Diaria,2023-11-23 00:00,21.8,50,,900
21206260,C.UNIV.AGROP-UDCA [21206260],4.7986388890,-74.04972222,2570,Climática Ordinaria,INSTITUTO DE HIDROLOGIA METEOROLOGIA Y ESTUDIOS AMBIENTALES,Area Operativa 11 - Cundinamarca-Amazonas,Bogota,"Bogota, D.C",15/12/1988 00:00,,TEMPERATURA,TMX_CON,Temperatura máxima diaria,Diaria,2023-11-24 00:00,19.4,50,,900
21206260,C.UNIV.AGROP-UDCA [21206260],4.7986388890,-74.04972222,2570,Climática Ordinaria,INSTITUTO DE HIDROLOGIA METEOROLOGIA Y ESTUDIOS AMBIENTALES,Area Operativa 11 - Cundinamarca-Amazonas,Bogota,"Bogota, D.C",15/12/1988 00:00,,TEMPERATURA,TMX_CON,Temperatura máxima diaria,Diaria,2023-11-26 00:00,20.4,50,,900
21206260,C.UNIV.AGROP-UDCA [21206260],4.7986388890,-74.04972222,2570,Climática Ordinaria,INSTITUTO DE HIDROLOGIA METEOROLOGIA Y ESTUDIOS AMBIENTALES,Area Operativa 11 - Cundinamarca-Amazonas,Bogota,"Bogota, D.C",15/12/1988 00:00,,TEMPERATURA,TMX_CON,Temperatura máxima diaria,Diaria,2023-11-27 00:00,19.6,50,,900
21206260,C.UNIV.AGROP-UDCA [21206260],4.7986388890,-74.04972222,2570,Climática Ordinaria,INSTITUTO DE HIDROLOGIA METEOROLOGIA Y ESTUDIOS AMBIENTALES,Area Operativa 11 - Cundinamarca-Amazonas,Bogota,"Bogota, D.C",15/12/1988 00:00,,TEMPERATURA,TMX_CON,Temperatura máxima diaria,Diaria,2023-11-28 00:00,20,50,,900
21206260,C.UNIV.AGROP-UDCA [21206260],4.7986388890,-74.04972222,2570,Climática Ordinaria,INSTITUTO DE HIDROLOGIA METEOROLOGIA Y ESTUDIOS AMBIENTALES,Area Operativa 11 - Cundinamarca-Amazonas,Bogota,"Bogota, D.C",15/12/1988 00:00,,TEMPERATURA,TMX_CON,Temperatura máxima diaria,Diaria,2023-11-29 00:00,20.4,50,,900
21206260,C.UNIV.AGROP-UDCA [21206260],4.7986388890,-74.04972222,2570,Climática Ordinaria,INSTITUTO DE HIDROLOGIA METEOROLOGIA Y ESTUDIOS AMBIENTALES,Area Operativa 11 - Cundinamarca-Amazonas,Bogota,"Bogota, D.C",15/12/1988 00:00,,TEMPERATURA,TMX_CON,Temperatura máxima diaria,Diaria,2023-11-30 00:00,21.2,50,,900
21206260,C.UNIV.AGROP-UDCA [21206260],4.7986388890,-74.04972222,2570,Climática Ordinaria,INSTITUTO DE HIDROLOGIA METEOROLOGIA Y ESTUDIOS AMBIENTALES,Area Operativa 11 - Cundinamarca-Amazonas,Bogota,"Bogota, D.C",15/12/1988 00:00,,TEMPERATURA,TMX_CON,Temperatura máxima diaria,Diaria,2023-12-01 00:00,22,50,,900
21206260,C.UNIV.AGROP-UDCA [21206260],4.7986388890,-74.04972222,2570,Climática Ordinaria,INSTITUTO DE HIDROLOGIA METEOROLOGIA Y ESTUDIOS AMBIENTALES,Area Operativa 11 - Cundinamarca-Amazonas,Bogota,"Bogota, D.C",15/12/1988 00:00,,TEMPERATURA,TMX_CON,Temperatura máxima diaria,Diaria,2023-12-03 00:00,21.4,50,,900
21206260,C.UNIV.AGROP-UDCA [21206260],4.7986388890,-74.04972222,2570,Climática Ordinaria,INSTITUTO DE HIDROLOGIA METEOROLOGIA Y ESTUDIOS AMBIENTALES,Area Operativa 11 - Cundinamarca-Amazonas,Bogota,"Bogota, D.C",15/12/1988 00:00,,TEMPERATURA,TMX_CON,Temperatura máxima diaria,Diaria,2023-12-04 00:00,21.6,50,,900
21206260,C.UNIV.AGROP-UDCA [21206260],4.7986388890,-74.04972222,2570,Climática Ordinaria,INSTITUTO DE HIDROLOGIA METEOROLOGIA Y ESTUDIOS AMBIENTALES,Area Operativa 11 - Cundinamarca-Amazonas,Bogota,"Bogota, D.C",15/12/1988 00:00,,TEMPERATURA,TMX_CON,Temperatura máxima diaria,Diaria,2023-12-05 00:00,21,50,,900
21206260,C.UNIV.AGROP-UDCA [21206260],4.7986388890,-74.04972222,2570,Climática Ordinaria,INSTITUTO DE HIDROLOGIA METEOROLOGIA Y ESTUDIOS AMBIENTALES,Area Operativa 11 - Cundinamarca-Amazonas,Bogota,"Bogota, D.C",15/12/1988 00:00,,TEMPERATURA,TMX_CON,Temperatura máxima diaria,Diaria,2023-12-06 00:00,20.2,50,,900
21206260,C.UNIV.AGROP-UDCA [21206260],4.7986388890,-74.04972222,2570,Climática Ordinaria,INSTITUTO DE HIDROLOGIA METEOROLOGIA Y ESTUDIOS AMBIENTALES,Area Operativa 11 - Cundinamarca-Amazonas,Bogota,"Bogota, D.C",15/12/1988 00:00,,TEMPERATURA,TMX_CON,Temperatura máxima diaria,Diaria,2023-12-10 00:00,23.6,50,,900
21206260,C.UNIV.AGROP-UDCA [21206260],4.7986388890,-74.04972222,2570,Climática Ordinaria,INSTITUTO DE HIDROLOGIA METEOROLOGIA Y ESTUDIOS AMBIENTALES,Area Operativa 11 - Cundinamarca-Amazonas,Bogota,"Bogota, D.C",15/12/1988 00:00,,TEMPERATURA,TMX_CON,Temperatura máxima diaria,Diaria,2023-12-11 00:00,21,50,,900
21206260,C.UNIV.AGROP-UDCA [21206260],4.7986388890,-74.04972222,2570,Climática Ordinaria,INSTITUTO DE HIDROLOGIA METEOROLOGIA Y ESTUDIOS AMBIENTALES,Area Operativa 11 - Cundinamarca-Amazonas,Bogota,"Bogota, D.C",15/12/1988 00:00,,TEMPERATURA,TMX_CON,Temperatura máxima diaria,Diaria,2023-12-12 00:00,22.6,50,,900
21206260,C.UNIV.AGROP-UDCA [21206260],4.7986388890,-74.04972222,2570,Climática Ordinaria,INSTITUTO DE HIDROLOGIA METEOROLOGIA Y ESTUDIOS AMBIENTALES,Area Operativa 11 - Cundinamarca-Amazonas,Bogota,"Bogota, D.C",15/12/1988 00:00,,TEMPERATURA,TMX_CON,Temperatura máxima diaria,Diaria,2023-12-13 00:00,22.4,50,,900
21206260,C.UNIV.AGROP-UDCA [21206260],4.7986388890,-74.04972222,2570,Climática Ordinaria,INSTITUTO DE HIDROLOGIA METEOROLOGIA Y ESTUDIOS AMBIENTALES,Area Operativa 11 - Cundinamarca-Amazonas,Bogota,"Bogota, D.C",15/12/1988 00:00,,TEMPERATURA,TMX_CON,Temperatura máxima diaria,Diaria,2023-12-14 00:00,23.4,50,,900
21206260,C.UNIV.AGROP-UDCA [21206260],4.7986388890,-74.04972222,2570,Climática Ordinaria,INSTITUTO DE HIDROLOGIA METEOROLOGIA Y ESTUDIOS AMBIENTALES,Area Operativa 11 - Cundinamarca-Amazonas,Bogota,"Bogota, D.C",15/12/1988 00:00,,TEMPERATURA,TMX_CON,Temperatura máxima diaria,Diaria,2023-12-15 00:00,23.4,50,,900
